,Station Name,ID,Lat.,Lon.,GLOSS ID  ,Country  ,Date,Coastline  ,Station  
0,HELIGMAN,231,60.2,19.3,,ALA,01/01/1980,60,251
1,KOBBAKLINTAR,63,60.033,19.883,,ALA,01/01/1980,60,261
2,LEMSTROM,84,60.1,20.017,,ALA,01/01/1980,60,271
3,FOGLO / DEGERBY,249,60.032,20.385,,ALA,24/01/2017,60,281
4,PAGO PAGO,539,-14.28,-170.69,144.0,ASM,02/02/2017,745,1
5,BAHIA ESPERANZA,988,-63.3,-56.917,185.0,ATA,11/05/1999,999,1
6,ARGENTINE ISLANDS,913,-65.246,-64.257,188.0,ATA,21/05/2015,999,3
7,PUERTO SOBERANIA,1603,-62.483,-59.633,189.0,ATA,30/09/2004,999,5
8,ALMIRANTE BROWN,858,-64.9,-62.867,,ATA,01/01/1980,999,24
9,CAPE ROBERTS ANTARCTICA,1763,-77.034,163.191,,ATA,27/09/2010,999,70
10,SCOTT BASE,2029,-77.85,166.769,134.0,ATA,23/02/2012,999,80
11,ROTHERA,1931,-67.571,-68.13,342.0,ATA,21/05/2015,999,103
12,USHUAIA I,874,-54.817,-68.217,181.0,ARG,01/01/1980,860,1
13,USHUAIA II,1271,-54.817,-68.217,181.0,ARG,12/11/2007,860,2
14,PUERTO DESEADO,185,-47.75,-65.917,190.0,ARG,24/05/2017,860,11
15,COMODORO RIVADAVIA,181,-45.867,-67.483,,ARG,01/01/1980,860,21
16,PUERTO MADRYN,501,-42.767,-65.033,191.0,ARG,25/10/2010,860,31
17,PIRAMIDE,867,-42.583,-64.283,,ARG,01/01/1980,860,41
18,ROSALES,870,-38.933,-62.067,,ARG,01/01/1980,860,61
19,QUEQUEN,223,-38.583,-58.7,,ARG,05/04/1990,860,81
20,MAR DEL PLATA (PUERTO),857,-38.033,-57.533,192.0,ARG,01/01/1980,860,91
21,MAR DEL PLATA (NAVAL BASE),819,-38.033,-57.517,192.0,ARG,24/05/2017,860,101
22,MAR DE AJO,1542,-36.7,-56.667,,ARG,02/03/1988,860,124
23,RIO SANTIAGO,897,-34.85,-57.9,,ARG,01/01/1980,860,141
24,BUENOS AIRES,157,-34.6,-58.367,,ARG,14/05/1991,860,151
25,PALERMO,832,-34.567,-58.4,,ARG,24/05/2017,860,161
26,ISLA MARTIN GARCIA,864,-34.183,-58.25,,ARG,01/01/1980,860,171
27,DARWIN,935,-12.472,130.846,62.0,AUS,25/01/2017,680,11
28,MILNER BAY (GROOTE EYLANDT),1160,-13.86,136.416,,AUS,25/01/2017,680,15
29,KARUMBA,835,-17.5,140.833,,AUS,30/06/2016,680,18
30,WEIPA,1157,-12.667,141.867,,AUS,30/06/2016,680,21
31,BOOBY ISLAND,1268,-10.603,141.91,61.0,AUS,30/06/2016,680,25
32,TURTLE HEAD,1749,-10.522,142.212,,AUS,30/06/2016,680,28
33,PORT DOUGLAS 2,1471,-16.483,145.467,,AUS,19/05/2015,680,37
34,CAIRNS,953,-16.917,145.783,,AUS,30/06/2016,680,41
35,MOURILYAN HARBOUR,1629,-17.583,146.083,,AUS,30/06/2016,680,43
36,LUCINDA,1630,-18.517,146.383,,AUS,30/06/2016,680,47
37,BOWEN II,2074,-20.017,148.25,,AUS,30/06/2016,680,50
38,TOWNSVILLE I,637,-19.25,146.833,60.0,AUS,30/06/2016,680,51
39,CAPE FERGUSON,1492,-19.277,147.058,,AUS,25/01/2017,680,54
40,SHUTE HARBOUR 2,1569,-20.283,148.783,,AUS,30/06/2016,680,58
41,MACKAY,564,-21.1,149.233,,AUS,30/06/2016,680,61
42,ROSSLYN BAY,1760,-23.161,150.79,,AUS,25/01/2017,680,69
43,PORT ALMA,2072,-23.583,150.867,,AUS,30/06/2016,680,70
44,GLADSTONE,825,-23.854,151.314,,AUS,30/06/2016,680,71
45,"BUNDABERG, BURNETT HEADS",1154,-24.767,152.383,59.0,AUS,30/06/2016,680,73
46,BRISBANE (WEST INNER BAR),822,-27.367,153.167,58.0,AUS,30/06/2016,680,78
47,BALLINA,319,-28.867,153.583,,AUS,01/01/1980,680,81
48,BRUNSWICK HEADS,2310,-28.537,153.552,,AUS,22/11/2016,680,82
49,TWEED HEADS,2314,-28.169,153.55,,AUS,28/09/2016,680,85
50,TWEED ENTRANCE SOUTH,2319,-28.171,153.551,,AUS,29/11/2016,680,86
51,EVANS HEAD,1229,-29.117,153.433,,AUS,01/01/1980,680,93
52,YAMBA,310,-29.43,153.362,,AUS,22/11/2016,680,101
53,COFF'S HARBOUR,799,-30.317,153.083,,AUS,11/03/1987,680,111
54,COFFS HARBOUR III,2311,-30.303,153.146,,AUS,22/11/2016,680,115
55,LORD HOWE ISLAND,818,-31.517,159.067,148.0,AUS,22/11/2016,680,121
56,PORT MACQUARIE,2313,-31.427,152.911,,AUS,22/11/2016,680,125
57,PORT STEPHENS (TOMAREE),2316,-32.715,152.182,,AUS,28/09/2016,680,128
58,SHOAL BAY,2320,-32.72,152.176,,AUS,29/11/2016,680,129
59,NEWCASTLE I,320,-32.917,151.8,,AUS,01/01/1980,680,131
60,NEWCASTLE II,1335,-32.917,151.8,,AUS,04/11/1987,680,132
61,NEWCASTLE III,267,-32.917,151.8,,AUS,12/04/1989,680,133
62,NEWCASTLE V,837,-32.924,151.789,,AUS,30/06/2016,680,135
63,"SYDNEY, FORT DENISON 2",196,-33.855,151.226,57.0,AUS,30/06/2016,680,140
64,"SYDNEY, FORT DENISON",65,-33.85,151.233,57.0,AUS,10/05/2000,680,141
65,CAMP COVE,549,-33.833,151.283,,AUS,20/02/1990,680,151
66,PORT KEMBLA,831,-34.474,150.912,,AUS,25/01/2017,680,161
67,JERVIS BAY II,2312,-35.122,150.708,,AUS,22/11/2016,680,164
68,ULLADULLA HARBOUR,2315,-35.358,150.477,,AUS,22/11/2016,680,165
69,EDEN,833,-37.074,149.908,,AUS,22/11/2016,680,171
70,STONY POINT,1033,-38.372,145.225,,AUS,31/01/2017,680,178
71,BURNIE,683,-41.05,145.915,,AUS,25/01/2017,680,193
72,LOW HEAD,2071,-41.064,146.795,,AUS,07/07/2016,680,194
73,DEVONPORT,1118,-41.185,146.362,,AUS,30/06/2016,680,195
74,SPRING BAY,1216,-42.546,147.933,56.0,AUS,25/01/2017,680,199
75,HOBART,838,-42.877,147.341,,AUS,28/07/2016,680,201
76,LORNE,1836,-38.547,143.989,,AUS,25/01/2017,680,226
77,PORTLAND,1547,-38.343,141.613,55.0,AUS,25/01/2017,680,231
78,PORT MACDONNELL I,871,-38.0,140.667,,AUS,01/01/1980,680,241
79,BEACHPORT,304,-37.5,140.0,,AUS,31/05/1989,680,251
80,KINGSTON,515,-36.833,139.85,,AUS,01/01/1980,680,271
81,VICTOR HARBOUR,1069,-35.562,138.635,,AUS,29/06/2016,680,275
82,BRIGHTON,677,-35.033,138.517,,AUS,01/01/1980,680,291
83,PORT STANVAC,1506,-35.109,138.467,,AUS,13/10/2011,680,298
84,PORT ADELAIDE (OUTER HARBOR),448,-34.78,138.481,,AUS,30/06/2016,680,311
85,SECOND VALLEY,443,-35.517,138.167,,AUS,01/01/1980,680,321
86,PORT GILES,1550,-35.022,137.768,,AUS,30/06/2016,680,340
87,EDITHBURG,516,-35.083,137.75,,AUS,01/01/1980,680,341
88,AMERICAN RIVER,631,-35.8,137.767,,AUS,01/01/1980,680,361
89,STENHOUSE BAY,492,-35.25,137.767,,AUS,01/01/1980,680,371
90,PORT WALLAROO,383,-33.933,137.633,,AUS,01/01/1980,680,381
91,WALLAROO II,1420,-33.926,137.615,,AUS,30/06/2016,680,382
92,PORT PIRIE,216,-33.178,138.012,,AUS,30/06/2016,680,391
93,PORT AUGUSTA,574,-32.55,137.783,,AUS,11/03/1987,680,401
94,WHYALLA III,1367,-33.013,137.59,,AUS,30/06/2016,680,410
95,WHYALLA,493,-33.017,137.567,,AUS,01/01/1980,680,411
96,FRANKLIN HARBOR,402,-33.683,136.933,,AUS,01/01/1980,680,421
97,PORT LINCOLN,230,-34.716,135.87,,AUS,30/06/2016,680,431
98,THEVENARD,386,-32.149,133.641,308.0,AUS,25/01/2017,680,441
99,ESPERANCE,1114,-33.871,121.895,54.0,AUS,25/01/2017,680,446
100,ALBANY,957,-35.034,117.893,,AUS,30/06/2016,680,451
101,BUNBURY,834,-33.323,115.66,,AUS,30/06/2016,680,461
102,FREMANTLE,111,-32.056,115.739,53.0,AUS,30/06/2016,680,471
103,HILLARYS,1761,-31.826,115.739,,AUS,25/01/2017,680,472
104,GERALDTON,1031,-28.776,114.602,,AUS,29/06/2016,680,474
105,CARNARVON,1115,-24.899,113.651,52.0,AUS,29/06/2016,680,479
106,EXMOUTH,1762,-21.955,114.141,,AUS,30/06/2016,680,482
107,ONSLOW,1631,-21.65,115.132,,AUS,30/06/2016,680,483
108,KING BAY,1549,-20.624,116.749,,AUS,30/06/2016,680,486
109,CAPE LAMBERT,1328,-20.588,117.186,,AUS,30/06/2016,680,491
110,PORT HEDLAND,189,-20.318,118.574,51.0,AUS,30/06/2016,680,494
111,BROOME,1159,-18.001,122.219,40.0,AUS,25/01/2017,680,497
112,WYNDHAM,1116,-15.453,128.101,,AUS,29/06/2016,680,507
113,URANGAN II,2073,-25.3,152.917,,AUS,30/06/2016,680,600
114,INCE POINT,1300,-10.508,142.31,,AUS,30/06/2016,680,601
115,GOODS ISLAND,1368,-10.562,142.152,,AUS,30/06/2016,680,602
116,GOLD COAST SEAWAY 2,1704,-27.95,153.417,,AUS,30/06/2016,680,604
117,MOOLOOLABA 2,1493,-26.683,153.133,,AUS,30/06/2016,680,605
118,HAY POINT,1246,-21.283,149.3,,AUS,30/06/2016,680,606
119,SETTLEMENT POINT,1646,26.71,-78.997,211.0,BHS,10/07/2002,941,1
120,SETTLEMENT POINT A,1928,26.683,-78.983,211.0,BHS,13/01/2016,941,2
121,MINA SULMAN,1494,26.233,50.6,,BHR,17/01/2012,482,19
122,HIRON POINT,1451,21.783,89.467,,BGD,08/06/2005,510,3
123,CHARCHANGA,1496,22.217,91.05,36.0,BGD,17/06/2013,510,8
124,CHITTAGONG A,2196,22.247,91.825,36.0,BGD,15/10/2015,510,26
125,KHEPUPARA,1454,21.833,89.833,,BGD,17/10/2002,510,37
126,COX'S BAZAAR,1476,21.45,91.833,,BGD,17/06/2013,510,41
127,ZEEBRUGGE,470,51.35,3.2,,BEL,14/03/2017,160,11
128,OOSTENDE,413,51.233,2.917,,BEL,14/03/2017,160,21
129,NIEUWPOORT,489,51.15,2.733,,BEL,14/03/2017,160,31
130,PAGET ISLAND,886,32.367,-64.667,,BMU,01/01/1980,950,1
131,ST. GEORGES / ESSO PIER (BERMUDA),368,32.373,-64.703,221.0,BMU,02/02/2017,950,11
132,IMBITUBA,542,-28.233,-48.65,351.0,BRA,01/01/1980,874,31
133,CANANEIA,726,-25.017,-47.933,194.0,BRA,18/07/2007,874,51
134,RIO DE JANEIRO,579,-22.933,-43.133,,BRA,01/01/1980,874,91
135,ILHA FISCAL,1032,-22.897,-43.167,195.0,BRA,06/06/2017,874,92
136,CANAVIEIRAS,699,-15.667,-38.967,,BRA,01/01/1980,874,106
137,SALVADOR,578,-12.967,-38.517,334.0,BRA,01/01/1980,874,111
138,RECIFE,556,-8.05,-34.867,,BRA,01/01/1980,874,121
139,FORTALEZA,559,-3.717,-38.483,336.0,BRA,01/01/1980,874,151
140,SALINOPOLIS,589,-0.65,-47.383,,BRA,01/01/1980,874,158
141,BELEM,580,-1.45,-48.5,,BRA,01/01/1980,874,161
142,SANTANA,1975,-0.05,-51.167,,BRA,18/03/1987,874,171
143,DIEGO GARCIA-C,1740,-7.283,72.4,26.0,IOT,17/10/2002,453,3
144,DIEGO GARCIA D,2190,-7.29,72.393,26.0,IOT,23/06/2014,453,5
145,BOURGAS,317,42.483,27.483,,BGR,27/08/1997,295,21
146,VARNA,318,43.183,27.917,,BGR,27/08/1997,295,51
147,PRINCE RUPERT,167,54.317,-130.333,155.0,CAN,29/06/2017,822,1
148,LANGARA POINT,840,54.25,-133.033,,CAN,05/07/2005,822,5
149,QUEEN CHARLOTTE CITY,829,53.25,-132.067,,CAN,29/06/2017,822,8
150,BELLA COOLA,1084,52.367,-126.783,,CAN,01/01/1980,822,13
151,BELLA BELLA,984,52.167,-128.133,,CAN,29/06/2017,822,16
152,PORT HARDY,1071,50.717,-127.483,,CAN,29/06/2017,822,20
153,ALERT BAY,554,50.583,-126.95,,CAN,01/01/1980,822,21
154,CAMPBELL RIVER,1323,50.017,-125.233,,CAN,29/06/2017,822,27
155,COMOX,630,49.667,-124.917,,CAN,01/01/1980,822,31
156,NANOOSE BAY,1825,49.267,-124.133,,CAN,04/06/1996,822,33
157,POINT ATKINSON,193,49.333,-123.25,,CAN,29/06/2017,822,51
158,VANCOUVER,175,49.283,-123.117,,CAN,29/06/2017,822,71
159,NEW WESTMINSTER,1245,49.2,-122.917,,CAN,29/06/2017,822,75
160,STEVESTON,1255,49.117,-123.183,,CAN,19/04/2000,822,83
161,TSAWWASSEN,1341,49.0,-123.133,,CAN,01/01/1980,822,85
162,FULFORD HARBOUR,688,48.767,-123.45,,CAN,04/06/1996,822,96
163,PATRICIA BAY,1152,48.65,-123.45,,CAN,29/06/2017,822,98
164,VICTORIA,166,48.417,-123.367,,CAN,29/06/2017,822,101
165,SOOKE,921,48.367,-123.733,,CAN,25/10/1993,822,104
166,PORT RENFREW,842,48.55,-124.417,,CAN,19/04/2000,822,106
167,BAMFIELD,1242,48.85,-125.133,,CAN,29/06/2017,822,108
168,PORT ALBERNI,527,49.233,-124.817,,CAN,19/04/2000,822,111
169,TOFINO,165,49.15,-125.917,156.0,CAN,29/06/2017,822,116
170,WINTER HARBOUR,1799,50.517,-128.033,,CAN,29/06/2017,822,124
171,"SAINT JOHN, N.B.",195,45.267,-66.067,,CAN,29/06/2017,970,1
172,DIGBY,1230,44.633,-65.75,,CAN,01/01/1980,970,5
173,YARMOUTH,1158,43.833,-66.133,,CAN,29/06/2017,970,7
174,BOUTILIER POINT,1259,44.667,-63.967,,CAN,07/06/1989,970,9
175,HALIFAX,96,44.667,-63.583,222.0,CAN,29/06/2017,970,11
176,POINT TUPPER,1332,45.6,-61.367,,CAN,03/06/1996,970,14
177,NORTH SYDNEY,1299,46.217,-60.25,,CAN,29/06/2017,970,16
178,PICTOU,1121,45.683,-62.7,,CAN,01/06/1998,970,21
179,CAP AUX MEULES,2031,47.379,-61.857,,CAN,29/06/2017,970,30
180,CHARLOTTETOWN,427,46.233,-63.117,,CAN,29/06/2017,970,31
181,RUSTICO,1330,46.467,-63.283,,CAN,01/06/1998,970,33
182,GRINDSTONE,1143,47.383,-61.867,,CAN,01/01/1980,970,34
183,SHEDIAC BAY,1326,46.25,-64.533,,CAN,29/06/2017,970,35
184,POINTE-DU-CHENE,1309,46.25,-64.533,,CAN,07/06/1989,970,36
185,POINT SAPIN,1138,46.967,-64.833,,CAN,01/01/1980,970,38
186,LOWER ESCUMINAC,1349,47.083,-64.883,,CAN,29/06/2017,970,40
187,BELLEDUNE,2069,47.9,-65.85,,CAN,29/06/2017,970,42
188,DALHOUSIE,1358,48.067,-66.383,,CAN,03/06/1996,970,46
189,RIVIERE-AU-RENARD,1213,49.0,-64.383,,CAN,29/06/2017,970,54
190,STE-ANNE-DES-MONTS,1199,49.133,-66.483,,CAN,03/06/1996,970,57
191,POINTE-AU-PERE,138,48.517,-68.467,,CAN,25/10/1993,970,61
192,RIMOUSKI,1597,48.483,-68.517,,CAN,29/06/2017,970,62
193,RIVIERE-DU-LOUP,1284,47.85,-69.567,,CAN,07/06/1989,970,64
194,ST-JEAN-PORT-JOLI,1223,47.217,-70.283,,CAN,01/01/1980,970,66
195,ST-FRANCOIS,999,47.0,-70.817,,CAN,29/06/2017,970,68
196,QUEBEC (LAUZON),173,46.833,-71.167,,CAN,07/05/2013,970,71
197,DESCHAILLONS,201,46.567,-72.1,,CAN,29/06/2017,970,74
198,PORT-SAINT-FRANCOIS,137,46.267,-72.617,,CAN,29/06/2017,970,76
199,BECANCOUR,1798,46.4,-72.383,,CAN,29/06/2017,970,77
200,TROIS-RIVIERES,126,46.333,-72.55,,CAN,29/06/2017,970,78
201,CHAMPLAIN,1005,46.433,-72.4,,CAN,04/06/1996,970,80
202,BATISCAN,144,46.5,-72.25,,CAN,29/06/2017,970,82
203,GRONDINES,387,46.583,-72.033,,CAN,04/06/1996,970,85
204,PORTNEUF,951,46.683,-71.883,,CAN,29/06/2017,970,87
205,NEUVILLE,192,46.7,-71.567,,CAN,29/06/2017,970,89
206,ST-JOSEPH-DE-LA-RIVE,1244,47.45,-70.367,,CAN,29/06/2017,970,92
207,PORT-ALFRED,1392,48.333,-70.867,,CAN,27/07/2015,970,95
208,TADOUSSAC,1219,48.133,-69.717,,CAN,25/10/1993,970,96
209,BAIE COMEAU,1218,49.233,-68.133,,CAN,25/10/1993,970,98
210,SEPT-ILES,1322,50.2,-66.4,,CAN,29/06/2017,970,99
211,HARRINGTON HBR,176,50.5,-59.483,,CAN,25/10/1993,970,101
212,SAVAGE COVE,1280,51.333,-56.7,,CAN,07/06/1989,970,103
213,LARK HARBOUR,1044,49.1,-58.367,,CAN,25/10/1993,970,106
214,PORT AUX BASQUES,392,47.567,-59.133,,CAN,29/06/2017,970,111
215,BONAVISTA,2135,49.083,-53.2,,CAN,29/06/2017,970,114
216,ARGENTIA,1321,47.3,-53.983,,CAN,29/06/2017,970,116
217,"ST. JOHN'S, NFLD.",393,47.567,-52.717,223.0,CAN,29/06/2017,970,121
218,WEST ST. MODESTE,1278,51.6,-56.7,,CAN,25/10/1993,970,132
219,NAIN,1029,56.55,-61.7,224.0,CAN,29/06/2017,970,134
220,QIKIQTARJUAQ,1935,67.867,-64.117,,CAN,29/06/2017,970,135
221,CHURCHILL,447,58.767,-94.183,,CAN,29/06/2017,970,141
222,RESOLUTE,863,74.683,-94.883,,CAN,01/01/1980,970,151
223,LITTLE CORNWALLIS ISLAND,1822,75.383,-96.95,,CAN,04/06/1996,970,156
224,ALERT,1110,82.49,-62.32,333.0,CAN,03/08/2010,970,162
225,CAMBRIDGE BAY,1132,69.117,-105.067,,CAN,07/06/1989,970,191
226,ULUKHAKTOK (FORMERLY HOLMAN ),1930,70.736,-117.761,,CAN,27/07/2015,970,199
227,CAPE PARRY,1282,70.15,-124.667,,CAN,19/03/2013,970,201
228,TUKTOYAKTUK,1000,69.417,-132.967,,CAN,29/06/2017,970,211
229,PORTO GRANDE (ST. VINCENT) 2,1769,16.883,-25.0,,CPV,09/11/1998,380,2
230,PALMEIRA,1914,16.75,-22.983,329.0,CPV,06/01/2016,380,21
231,NORTH SOUND,1422,19.3,-81.317,,CYM,18/06/2007,931,1
232,SOUTH SOUND,1426,19.267,-81.383,,CYM,20/08/1997,931,11
233,EASTER ISLAND-D,1462,-27.15,-109.45,137.0,CHL,11/09/1990,810,2
234,EASTER ISLAND-E,1272,-27.155,-109.473,137.0,CHL,07/06/2017,810,3
235,ARICA,618,-18.467,-70.333,,CHL,19/11/1992,850,1
236,IQUIQUE,1963,-20.217,-70.167,,CHL,08/04/2013,850,6
237,IQUIQUE II,2261,-20.204,-70.148,,CHL,12/10/2016,850,7
238,ANTOFAGASTA,511,-23.65,-70.417,174.0,CHL,19/11/1992,850,11
239,ANTOFAGASTA 2,510,-23.653,-70.404,174.0,CHL,07/06/2017,850,12
240,SAN FELIX,1751,-26.292,-80.109,177.0,CHL,07/06/2017,850,16
241,CALDERA,619,-27.067,-70.833,,CHL,19/11/1992,850,21
242,VALPARAISO,499,-33.027,-71.626,175.0,CHL,07/06/2017,850,31
243,JUAN FERNANDEZ-C,1644,-33.636,-78.83,176.0,CHL,07/06/2017,850,39
244,TALCAHUANO,571,-36.683,-73.1,,CHL,18/10/2016,850,41
245,CORRAL,1057,-39.867,-73.433,,CHL,01/01/1980,850,47
246,CORRAL II,2262,-39.878,-73.423,,CHL,12/10/2016,850,48
247,ANCUD,2264,-41.867,-73.832,,CHL,12/10/2016,850,53
248,MELINKA,2265,-43.898,-73.748,,CHL,12/10/2016,850,55
249,PUNTA ARENAS,473,-53.167,-70.9,,CHL,19/07/1996,850,61
250,PUNTA ARENAS II,2263,-53.124,-70.86,,CHL,12/10/2016,850,62
251,CALETA PERCY,994,-52.9,-70.267,,CHL,02/12/2015,850,71
252,PUERTO WILLIAMS,1122,-54.917,-67.617,,CHL,19/07/1996,850,81
253,DIEGO RAMIREZ,1785,-56.5,-68.717,,CHL,25/02/2004,850,91
254,BEIHAI,1408,21.483,109.083,,CHN,17/01/2012,610,1
255,ZHAPO,933,21.583,111.817,78.0,CHN,21/02/2017,610,2
256,NAN SHA,1730,9.55,112.88,,CHN,21/02/2017,610,3
257,XI SHA,1745,16.833,112.333,,CHN,21/02/2017,610,4
258,XIAMEN,727,24.45,118.067,247.0,CHN,05/11/2007,610,5
259,SHANWEI,1406,22.75,115.35,,CHN,17/01/2012,610,6
260,HAIKOU,1428,20.017,110.283,,CHN,17/01/2012,610,7
261,DONGFANG,1407,19.1,108.617,,CHN,17/01/2012,610,8
262,KANMEN,934,28.083,121.283,94.0,CHN,21/02/2017,610,16
263,LUSI,979,32.133,121.617,283.0,CHN,21/02/2017,610,32
264,LIANYUNGANG,1405,34.75,119.45,,CHN,17/01/2012,610,33
265,SHIJIUSUO,1404,35.383,119.55,,CHN,17/01/2012,610,34
266,YANTAI,731,37.533,121.383,,CHN,21/07/1995,610,36
267,TANGGU,1403,39.0,117.717,,CHN,21/07/1995,610,37
268,QINHUANGDAO,614,39.9,119.6,,CHN,24/07/1995,610,39
269,DALIAN,723,38.867,121.683,79.0,CHN,21/02/2017,610,44
270,LAOHUTAN,1513,38.867,121.683,79.0,CHN,20/04/1998,610,45
271,COCOS ISLAND (HOME IS.),983,-12.117,96.894,46.0,CCK,25/01/2017,680,521
272,BUENAVENTURA,456,3.9,-77.1,170.0,COL,04/11/2015,842,11
273,TUMACO,639,1.833,-78.733,171.0,COL,04/11/2015,842,21
274,RIOHACHA,714,11.55,-72.917,,COL,01/01/1980,902,11
275,CARTAGENA,572,10.4,-75.55,207.0,COL,20/04/1994,902,21
276,POINTE NOIRE,938,-4.783,11.833,261.0,COG,25/11/1993,424,21
277,PENRHYN,1450,-9.017,-158.067,143.0,COK,04/11/2015,775,1
278,RAROTONGA B,1843,-21.205,-159.785,139.0,COK,25/01/2017,785,6
279,PUNTARENAS,464,9.967,-84.833,,CRI,01/01/1980,836,1
280,QUEPOS,844,9.4,-84.167,167.0,CRI,14/10/2013,836,11
281,QUEPOS B,2189,9.425,-84.172,167.0,CRI,29/09/2015,836,21
282,PUERTO LIMON,552,10.0,-83.033,,CRI,18/05/1994,906,11
283,ABIDJAN,1313,5.25,-4.0,257.0,CIV,01/01/1980,405,1
284,ROVINJ,761,45.083,13.628,,HRV,17/05/2016,280,6
285,BAKAR,353,45.3,14.533,,HRV,01/10/2015,280,11
286,ZADAR,1859,44.123,15.235,,HRV,17/05/2016,280,13
287,GAZENICA,1577,44.083,15.267,,HRV,31/05/1990,280,14
288,ZLARIN,1578,43.7,15.667,,HRV,31/05/1990,280,17
289,SPLIT RT MARJANA,685,43.508,16.392,,HRV,13/05/2013,280,21
290,SPLIT - GRADSKA LUKA,352,43.507,16.442,,HRV,17/05/2016,280,31
291,VIS-CESKA VILA,1574,43.067,16.2,,HRV,03/02/1993,280,40
292,SUCURAJ,1706,43.133,17.2,,HRV,12/05/2008,280,46
293,UBLI,1718,42.75,16.833,,HRV,03/02/1993,280,56
294,PLOCE,1945,43.05,17.417,,HRV,17/05/2016,280,75
295,DUBROVNIK,760,42.658,18.063,,HRV,17/05/2016,280,81
296,MARIEL BOCA,2286,23.021,-82.756,,CUB,07/03/2017,930,23
297,GIBARA,563,21.108,-76.125,276.0,CUB,07/03/2017,930,31
298,NUEVITAS PUNTA PRACTICO,2288,21.591,-77.11,,CUB,07/03/2017,930,35
299,GUANTANAMO BAY,418,19.907,-75.147,,CUB,17/07/2001,930,51
300,CASILDA II,2021,21.753,-79.992,,CUB,07/03/2017,930,65
301,CAYO LOCO,2289,22.151,-80.455,,CUB,07/03/2017,930,67
302,CABO DE SAN ANTONIO,1297,21.9,-84.9,214.0,CUB,07/03/2017,930,71
303,ISABELA DE SAGUA,1909,22.933,-80.017,,CUB,07/03/2017,930,81
304,SANTIAGO DE CUBA,2287,20.021,-75.837,,CUB,11/05/2016,930,85
305,CABO CRUZ,1910,19.833,-77.733,,CUB,07/03/2017,930,91
306,MANZANILLO,1934,20.333,-77.15,,CUB,07/03/2017,930,95
307,FAMAGUSTA,436,35.117,33.95,,CYP,09/11/1989,315,1
308,GIRNE,1911,35.35,33.333,,CYP,12/06/2012,315,10
309,GEDSER,120,54.573,11.926,,DNK,12/09/2013,130,1
310,RODBYHAVN,762,54.656,11.349,,DNK,12/09/2013,130,11
311,TEJN,1812,55.25,14.838,,DNK,12/09/2013,130,16
312,KOBENHAVN,82,55.705,12.6,,DNK,12/09/2013,130,21
313,HORNBAEK,119,56.091,12.458,,DNK,12/09/2013,130,31
314,KORSOR,113,55.332,11.142,,DNK,12/09/2013,130,41
315,SLIPSHAVN,98,55.288,10.828,,DNK,12/09/2013,130,51
316,MOMMARK,271,54.933,10.067,,DNK,01/01/1980,130,61
317,FYNSHAV,1197,54.995,9.987,,DNK,12/09/2013,130,62
318,FREDERICIA,81,55.561,9.754,,DNK,11/09/2013,130,71
319,AARHUS,76,56.147,10.224,,DNK,11/09/2013,130,81
320,FREDERIKSHAVN,91,57.436,10.549,,DNK,12/09/2013,130,91
321,HIRTSHALS,89,57.596,9.964,,DNK,12/09/2013,130,101
322,HANSTHOLM,703,57.119,8.596,,DNK,12/09/2013,130,111
323,ESBJERG,80,55.461,8.441,,DNK,11/09/2013,130,121
324,BARAHONA,745,18.2,-71.083,,DOM,01/01/1980,936,11
325,PUERTO PLATA,577,19.817,-70.7,,DOM,01/01/1980,936,21
326,LA LIBERTAD,555,-2.2,-80.917,172.0,ECU,01/01/1980,845,11
327,LA LIBERTAD II,544,-2.2,-80.917,172.0,ECU,04/11/2015,845,12
328,SAN CRISTOBAL,927,-0.9,-89.617,,ECU,01/01/1980,845,21
329,BALTRA-B,1645,-0.433,-90.283,169.0,ECU,21/10/2015,845,34
330,PUERTO BOLIVAR,1277,-3.267,-80.0,,ECU,16/06/1992,845,41
331,PORT SAID,253,31.25,32.3,,EGY,01/01/1980,330,1
332,ALEXANDRIA,503,31.217,29.917,349.0,EGY,18/09/2013,330,71
333,LA UNION,558,13.333,-87.817,,SLV,01/01/1980,833,1
334,ACAJUTLA,1011,13.567,-89.833,182.0,SLV,03/09/2015,833,11
335,ACAJUTLA 2,1302,13.583,-89.833,182.0,SLV,29/09/2015,833,12
336,TALLINN,321,59.45,24.8,,EST,01/01/1980,82,11
337,VILSANDI,322,58.383,21.817,,EST,01/01/1980,82,21
338,STANLEY,1082,-51.69,-57.865,305.0,FLK,01/01/1980,863,1
339,STANLEY II,1796,-51.692,-57.821,305.0,FLK,12/06/2014,863,2
340,TORSHAVN,839,62.017,-6.767,237.0,FRO,30/10/2007,15,11
341,SUVA-A,1327,-18.136,178.423,122.0,FJI,25/01/2017,742,12
342,LAUTOKA,1805,-17.605,177.438,,FJI,25/01/2017,742,21
343,KEMI,229,65.673,24.515,,FIN,24/01/2017,60,1
344,OULU / ULEABORG,79,65.04,25.418,,FIN,24/01/2017,60,11
345,RAAHE / BRAHESTAD,240,64.666,24.407,,FIN,24/01/2017,60,21
346,YKSPIHLAJA,86,63.833,23.033,,FIN,01/01/1980,60,31
347,PIETARSAARI / JAKOBSTAD,194,63.709,22.69,,FIN,31/01/2017,60,41
348,VAASA / VASA,57,63.082,21.571,,FIN,24/01/2017,60,51
349,RONNSKAR,30,63.067,20.8,,FIN,01/01/1980,60,61
350,KASKINEN / KASKO,285,62.344,21.215,,FIN,24/01/2017,60,71
351,SALGRUND,228,62.333,21.2,,FIN,01/01/1980,60,81
352,REPOSAARI,85,61.617,21.45,,FIN,01/01/1980,60,91
353,MANTYLUOTO,172,61.594,21.463,,FIN,24/01/2017,60,101
354,SAPPI,226,61.483,21.333,,FIN,01/01/1980,60,111
355,RAUMA / RAUMO,376,61.134,21.426,,FIN,24/01/2017,60,121
356,LYOKKI,16,60.85,21.183,,FIN,01/01/1980,60,221
357,LYPYRTTI,17,60.6,21.233,,FIN,01/01/1980,60,231
358,TURKU / ABO,239,60.428,22.101,,FIN,24/01/2017,60,241
359,UTO,27,59.783,21.367,,FIN,01/01/1980,60,291
360,LOHM,233,60.1,21.667,,FIN,01/01/1980,60,301
361,TVARMINNE,238,59.85,23.25,,FIN,01/01/1980,60,306
362,JUNGFRUSUND,18,59.95,22.367,,FIN,01/01/1980,60,311
363,RUSSARO,28,59.767,22.95,,FIN,01/01/1980,60,316
364,HANKO / HANGO,71,59.823,22.977,,FIN,24/01/2017,60,331
365,SKURU,142,60.1,23.55,,FIN,13/09/1988,60,344
366,HELSINKI,14,60.154,24.956,,FIN,24/01/2017,60,351
367,"PORVOO, EMASALO",2269,60.206,25.625,,FIN,24/01/2017,60,353
368,SODERSKAR,29,60.117,25.417,,FIN,01/01/1980,60,354
369,KOTKA,164,60.45,26.95,,FIN,01/01/1980,60,358
370,HAMINA,315,60.563,27.179,,FIN,24/01/2017,60,361
371,DUNKERQUE,468,51.048,2.367,,FRA,22/03/2017,190,1
372,CALAIS,455,50.969,1.868,,FRA,22/03/2017,190,11
373,BOULOGNE,471,50.728,1.577,,FRA,22/03/2017,190,21
374,DIEPPE,474,49.929,1.084,,FRA,22/03/2017,190,31
375,ANTIFER,1383,49.65,0.15,,FRA,01/01/1980,190,46
376,LE HAVRE,453,49.482,0.106,,FRA,22/03/2017,190,51
377,CHERBOURG,467,49.651,-1.636,,FRA,22/03/2017,190,61
378,ST. MALO,454,48.641,-2.028,,FRA,22/03/2017,190,71
379,ROSCOFF,1347,48.718,-3.966,,FRA,23/03/2017,190,86
380,LE CONQUET,1294,48.359,-4.781,,FRA,22/03/2017,190,89
381,BREST,1,48.383,-4.495,242.0,FRA,22/03/2017,190,91
382,CONCARNEAU,1301,47.874,-3.907,,FRA,22/03/2017,190,96
383,PORT TUDY,1247,47.644,-3.446,,FRA,22/03/2017,190,103
384,LE CROUESTY,1921,47.543,-2.895,,FRA,22/03/2017,190,105
385,ST. NAZAIRE,457,47.27,-2.2,,FRA,22/03/2017,190,111
386,POINTE ST. GILDAS,1078,47.133,-2.25,,FRA,07/09/1990,190,113
387,LES SABLES D OLONNE,1747,46.498,-1.794,,FRA,22/03/2017,190,116
388,LA ROCHELLE-LA PALLICE,466,46.158,-1.221,,FRA,22/03/2017,190,121
389,ILE D'AIX,2236,46.007,-1.174,,FRA,23/03/2017,190,123
390,PORT BLOC,1915,45.569,-1.062,,FRA,22/03/2017,190,126
391,LE VERDON,459,45.55,-1.067,,FRA,01/01/1980,190,131
392,BOUCAU,1801,43.527,-1.515,,FRA,22/03/2017,190,139
393,ARCACHON-EYRAC,1918,44.665,-1.164,,FRA,22/03/2017,190,140
394,ST JEAN DE LUZ (SOCOA),469,43.395,-1.682,,FRA,22/03/2017,190,141
395,PORT VENDRES,1469,42.52,3.107,,FRA,22/03/2017,230,6
396,SETE,958,43.398,3.699,,FRA,22/03/2017,230,21
397,MARSEILLE,61,43.279,5.354,205.0,FRA,22/03/2017,230,51
398,TOULON,980,43.113,5.915,,FRA,22/03/2017,230,61
399,NICE,1468,43.696,7.286,,FRA,22/03/2017,230,81
400,AJACCIO,1929,41.923,8.763,,FRA,22/03/2017,232,1
401,ILE ROYALE,2012,5.284,-52.587,202.0,GUF,22/03/2017,876,11
402,"PAPEETE-B, FARE UTE POINT, SOC.IS.",1397,-17.533,-149.573,140.0,PYF,28/10/2015,780,11
403,VAIRAO,2242,-17.806,-149.295,,PYF,23/03/2017,780,12
404,NUKU HIVA,1555,-8.933,-140.083,142.0,PYF,14/10/2013,805,11
405,RIKITEA,1253,-23.122,-134.967,138.0,PYF,28/10/2015,808,1
406,RANGIROA,2216,-14.946,-147.706,,PYF,22/03/2017,808,2
407,TUBUAI,2217,-23.342,-149.476,,PYF,22/03/2017,808,4
408,KERGUELEN,1849,-49.352,70.256,23.0,ATF,04/04/2017,434,1
409,POTI,41,42.167,41.683,,GEO,21/06/2016,305,21
410,BATUMI,51,41.633,41.7,,GEO,06/07/2016,305,31
411,KOSEROW,1448,54.06,14.001,,DEU,01/09/2016,120,1
412,SASSNITZ,397,54.511,13.643,,DEU,01/09/2016,120,4
413,WARNEMUNDE 2,11,54.17,12.103,,DEU,01/09/2016,120,12
414,WISMAR 2,8,53.899,11.458,,DEU,08/12/2016,120,22
415,TRAVEMUNDE,13,53.958,10.872,,DEU,08/12/2016,125,1
416,KIEL-HOLTENAU,789,54.372,10.157,,DEU,08/12/2016,125,21
417,AMRUM (WITTDUEN),1036,54.617,8.383,,DEU,29/06/2017,140,2
418,CUXHAVEN 2,7,53.867,8.717,284.0,DEU,29/06/2017,140,12
419,BORKUM (FISCHERBALJE),1037,53.558,6.748,,DEU,29/06/2017,140,16
420,TAKORADI,331,4.885,-1.745,335.0,GHA,15/03/2013,410,1
421,TEMA,1049,5.617,0.0,,GHA,01/01/1980,410,16
422,GIBRALTAR,981,36.148,-5.365,248.0,GIB,01/09/2014,215,1
423,PREVEZA,410,38.959,20.757,,GRC,14/06/2016,290,1
424,LEVKAS,1239,38.835,20.712,,GRC,14/06/2016,290,4
425,POSIDHONIA,409,37.951,22.96,,GRC,14/06/2016,290,11
426,PATRAI,1250,38.417,21.729,,GRC,07/08/2013,290,14
427,KATAKOLON,1240,37.645,21.32,,GRC,14/06/2016,290,17
428,KALAMAI,411,37.024,22.116,,GRC,14/06/2016,290,21
429,NORTH SALAMINOS II,1938,37.98,23.534,,GRC,12/08/2013,290,29
430,NORTH SALAMINOS,1604,37.98,23.542,,GRC,07/08/2013,290,30
431,PIRAIEVS,374,37.937,23.627,,GRC,14/06/2016,290,31
432,RAFINA,1695,38.033,24.0,,GRC,28/11/1994,290,32
433,KHALKIS SOUTH,1441,38.461,23.589,,GRC,14/06/2016,290,33
434,KHALKIS NORTH,1237,38.472,23.593,,GRC,14/06/2016,290,34
435,SKOPELOS,1907,39.124,23.729,,GRC,12/08/2013,290,37
436,THESSALONIKI,373,40.633,22.935,,GRC,14/06/2016,290,51
437,KAVALLA,375,40.935,24.412,,GRC,07/08/2013,290,61
438,ALEXANDROUPOLIS,1238,40.844,25.878,,GRC,14/06/2016,290,65
439,KHIOS,408,38.372,26.141,,GRC,14/06/2016,290,71
440,SIROS,1234,37.44,24.946,,GRC,14/06/2016,290,81
441,LEROS,1233,37.13,26.848,,GRC,14/06/2016,290,91
442,SOUDHAS,1232,35.487,24.082,,GRC,12/08/2013,290,97
443,SOUDHAS II,2067,35.487,24.082,,GRC,14/06/2016,290,99
444,IRAKLION,634,35.348,25.153,,GRC,18/07/2013,290,101
445,IRAKLION II,2165,35.348,25.153,,GRC,14/06/2016,290,102
446,CORFU ( KERKYRA ),1933,39.628,19.905,,GRC,14/06/2016,290,103
447,SAMOS ISLAND - VATHI,1941,37.755,26.976,,GRC,08/05/2014,290,105
448,RHODOS,1243,36.442,28.236,,GRC,07/08/2013,290,110
449,RHODOS II,2167,36.442,28.236,,GRC,05/07/2016,290,112
450,"PRICKLEY BAY, GRENADA",2272,12.005,-61.765,,GRD,05/01/2016,893,1
451,POINTE-A-PITRE,1784,16.224,-61.531,,GLP,22/03/2017,914,1
452,"APRA HARBOUR, GUAM",540,13.438,144.653,149.0,GUM,02/02/2017,701,1
453,"PAGO BAY, GUAM",2130,13.428,144.797,,GUM,02/02/2017,701,10
454,CHAMPERICO,1201,14.283,-91.917,,GTM,01/01/1980,832,6
455,SAN JOSE,973,13.917,-90.833,,GTM,01/01/1980,832,11
456,SAN JOSE II,777,13.917,-90.817,,GTM,03/12/1997,832,12
457,SANTO TOMAS DE CASTILLA,1080,15.7,-88.617,,GTM,01/01/1980,916,1
458,PORT AU PRINCE,583,18.567,-72.35,209.0,HTI,01/01/1980,934,11
459,PUERTO CASTILLA,779,16.017,-86.033,,HND,01/01/1980,908,11
460,PUERTO CORTES,557,15.833,-87.95,,HND,01/01/1980,908,31
461,WAGLAN ISLAND,1698,22.183,114.303,,HKG,14/02/2017,611,7
462,"CHI MA WAN, LANTAU ISLAND",987,22.233,114.0,,HKG,13/05/1998,611,8
463,QUARRY BAY,1674,22.291,114.213,77.0,HKG,14/02/2017,611,10
464,NORTH POINT,333,22.3,114.2,77.0,HKG,01/01/1980,611,11
465,TAI MIU WAN,1891,22.27,114.289,,HKG,14/02/2017,611,12
466,"TAI PO KAU, TOLO HARBOUR",1034,22.443,114.184,,HKG,14/02/2017,611,14
467,TSIM BEI TSUI,1366,22.487,114.014,,HKG,14/02/2017,611,17
468,LOK ON PAI,1685,22.367,114.0,,HKG,16/05/2000,611,19
469,SHEK PIK,1902,22.22,113.894,,HKG,14/02/2017,611,23
470,REYKJAVIK,638,64.151,-21.94,229.0,ISL,24/01/2017,10,1
471,GRINDAVIK,877,63.833,-22.433,,ISL,01/01/1980,10,11
472,KANDLA,596,23.017,70.217,,IND,27/06/2017,500,11
473,VADINAR,1943,22.45,69.683,,IND,27/06/2017,500,13
474,OKHA,1395,22.467,69.083,,IND,27/06/2017,500,14
475,VERAVAL,770,20.9,70.367,31.0,IND,27/01/2016,500,21
476,BHAUNAGAR I,420,21.8,72.3,,IND,01/01/1980,500,30
477,BHAUNAGAR II,804,21.75,72.233,,IND,01/01/1980,500,31
478,MUMBAI / BOMBAY (APOLLO BANDAR),43,18.917,72.833,,IND,27/01/2016,500,41
479,BOMBAY (PRINCES DOCK),212,18.95,72.833,,IND,01/01/1980,500,51
480,MORMUGAO,1249,15.417,73.8,281.0,IND,27/06/2017,500,65
481,KARWAR,1273,14.8,74.117,,IND,27/06/2017,500,67
482,MANGALORE (PANAMBURU),1423,12.917,74.8,,IND,27/06/2017,500,70
483,MANGALORE,696,12.85,74.833,,IND,27/01/2016,500,71
484,COCHIN (WILLINGDON IS.),438,9.967,76.267,32.0,IND,27/06/2017,500,81
485,TUTICORIN,1072,8.75,78.2,,IND,27/06/2017,500,83
486,TANGACHCHIMADAM,1258,9.283,79.25,,IND,21/03/1990,500,85
487,NAGAPATTINAM,1308,10.767,79.85,,IND,27/06/2017,500,87
488,CHENNAI,205,13.1,80.3,34.0,IND,27/06/2017,500,91
489,VISAKHAPATNAM,414,17.683,83.283,35.0,IND,27/06/2017,500,101
490,PARADIP,1161,20.267,86.7,,IND,27/06/2017,500,106
491,GANGRA,1369,21.95,88.017,,IND,15/04/2009,500,109
492,HALDIA,1270,22.033,88.1,,IND,27/06/2017,500,110
493,SAUGOR/SAGAR,417,21.65,88.05,,IND,27/01/2016,500,111
494,DUBLAT (SAUGOR IS.),49,21.633,88.133,,IND,01/01/1980,500,121
495,DIAMOND HARBOUR,543,22.2,88.167,,IND,27/06/2017,500,131
496,GARDEN REACH,369,22.55,88.3,,IND,27/06/2017,500,141
497,KIDDERPORE,48,22.533,88.333,,IND,01/01/1980,500,151
498,TRIBENI,1002,22.983,88.4,,IND,16/12/2008,500,161
499,PORT BLAIR,206,11.683,92.767,38.0,IND,27/01/2016,540,1
500,SABANG,2195,5.888,95.317,347.0,IDN,28/10/2015,560,10
501,SIBOLGA II,1752,1.75,98.767,,IDN,28/10/2015,560,22
502,PADANG B,2193,-0.997,100.375,45.0,IDN,28/10/2015,560,33
503,CILACAP B,2199,-7.752,109.017,291.0,IDN,28/10/2015,560,123
504,PRIGI,2197,-8.28,111.73,,IDN,28/10/2015,560,132
505,BENOA B,2200,-8.747,115.212,49.0,IDN,28/10/2015,560,136
506,SAUMLAKI,2274,-7.982,131.29,,IDN,13/01/2016,560,138
507,BITUNG II,1709,1.433,125.2,69.0,IDN,28/10/2015,580,12
508,CHABAHAR II,2228,25.296,60.603,337.0,IRN,23/07/2014,489,52
509,MALIN HEAD,916,55.367,-7.333,239.0,IRL,15/01/2004,175,11
510,DUBLIN,432,53.35,-6.217,,IRL,15/03/2017,175,71
511,DOUGLAS,435,54.15,-4.467,,IMN,07/04/1992,170,231
512,PORT ERIN,1793,54.085,-4.768,,IMN,28/06/2017,170,233
513,AKKO,2218,32.919,35.07,,ISR,03/05/2016,320,9
514,HAIFA II,2221,32.829,34.991,,ISR,03/05/2016,320,10
515,HADERA,1797,32.47,34.863,80.0,ISR,07/11/2012,320,16
516,TEL AVIV,1880,32.083,34.767,,ISR,03/07/2012,320,19
517,TEL AVIV - YAFO,2147,32.053,34.75,,ISR,03/05/2016,320,20
518,ASHDOD II,2219,31.831,34.641,,ISR,03/05/2016,320,33
519,ASHKLON,2220,31.682,34.557,,ISR,03/05/2016,320,35
520,EILAT NORTH,2148,29.545,34.952,,ISR,09/04/2014,480,15
521,EILAT SOUTH,2149,29.502,34.918,,ISR,03/05/2016,480,21
522,LA MADDALENA,109,41.233,9.367,,ITA,01/01/1980,240,1
523,PORTO TORRES,2084,40.842,8.404,,ITA,18/10/2016,240,6
524,CAGLIARI,104,39.2,9.167,,ITA,01/01/1980,240,11
525,CAGLIARI II,2089,39.21,9.114,,ITA,07/05/2015,240,12
526,CARLOFORTE,2076,39.148,8.309,,ITA,18/10/2016,240,15
527,PORTO MAURIZIO,108,43.867,8.017,,ITA,01/01/1980,250,1
528,IMPERIA,2078,43.878,8.019,,ITA,18/10/2016,250,6
529,GENOVA,59,44.4,8.9,,ITA,27/01/2016,250,11
530,GENOVA II,2090,44.41,8.926,,ITA,30/08/2016,250,12
531,LIVORNO II,2080,43.546,10.299,,ITA,18/10/2016,250,26
532,CIVITAVECCHIA,106,42.05,11.817,,ITA,01/01/1980,250,31
533,NAPOLI (ARSENALE),129,40.867,14.267,,ITA,01/01/1980,250,41
534,NAPOLI II,2092,40.841,14.269,,ITA,18/10/2016,250,46
535,NAPOLI (MANDRACCIO),105,40.867,14.267,,ITA,01/01/1980,250,51
536,SALERNO,2086,40.677,14.751,,ITA,07/05/2015,250,56
537,PALINURO,2082,40.03,15.275,,ITA,18/10/2016,250,58
538,REGGIO CALABRIA,670,38.1,15.65,,ITA,01/01/1980,250,61
539,REGGIO CALABRIA II,2142,38.122,15.649,,ITA,18/10/2016,250,62
540,"PORTO EMPEDOCLE, SICILY",2083,37.286,13.527,,ITA,18/10/2016,260,6
541,PALERMO,107,38.133,13.333,,ITA,01/01/1980,260,11
542,PALERMO II,2093,38.121,13.371,,ITA,18/10/2016,260,12
543,LAMPEDUSA,2079,35.5,12.604,,ITA,18/10/2016,260,25
544,CAPO PASSERO,873,36.667,15.3,,ITA,01/01/1980,260,28
545,CATANIA,102,37.5,15.133,,ITA,01/01/1980,260,31
546,CATANIA II,2094,37.498,15.094,,ITA,18/10/2016,260,32
547,TARANTO,103,40.433,17.267,,ITA,01/01/1980,270,6
548,TARANTO II,2095,40.476,17.224,,ITA,18/10/2016,270,7
549,OTRANTO,990,40.133,18.5,,ITA,01/01/1980,270,11
550,OTRANTO II,2096,40.147,18.497,,ITA,18/10/2016,270,12
551,BARI,2075,41.14,16.866,,ITA,18/10/2016,270,17
552,MANFREDONIA,1262,41.617,15.917,,ITA,01/01/1980,270,19
553,VIESTE,2087,41.888,16.177,,ITA,18/10/2016,270,22
554,ORTONA,972,42.35,14.4,,ITA,01/01/1980,270,26
555,ORTONA II,2097,42.356,14.415,,ITA,18/10/2016,270,28
556,ANCONA,101,43.583,13.483,,ITA,01/01/1980,270,30
557,ANCONA II,2098,43.625,13.507,,ITA,18/10/2016,270,32
558,PORTO CORSINI,100,44.5,12.283,,ITA,01/01/1980,270,35
559,PORTO GARIBALDI,2144,44.678,12.249,,ITA,24/05/2016,270,37
560,VENEZIA (ARSENALE),87,45.417,12.35,,ITA,01/01/1980,270,41
561,VENEZIA II,2100,45.418,12.427,,ITA,18/10/2016,270,46
562,VENEZIA (S.STEFANO),39,45.417,12.333,,ITA,11/04/2000,270,51
563,VENEZIA (PUNTA DELLA SALUTE),168,45.433,12.333,,ITA,27/01/2016,270,54
564,TRIESTE,154,45.647,13.758,340.0,ITA,09/03/2017,270,61
565,TRIESTE II,2099,45.649,13.758,,ITA,18/10/2016,270,62
566,PORT ROYAL,744,17.933,-76.85,210.0,JAM,01/01/1980,932,11
567,MONBETU I,772,44.35,143.367,,JPN,01/01/1980,641,1
568,MONBETU II,1470,44.35,143.367,,JPN,20/02/2013,641,2
569,ABASHIRI,1104,44.019,144.286,327.0,JPN,08/02/2017,641,3
570,HANASAKI,139,43.283,145.583,,JPN,01/01/1980,641,11
571,HANASAKI II,1442,43.278,145.568,,JPN,09/02/2017,641,12
572,KUSHIRO,518,42.976,144.371,89.0,JPN,08/02/2017,641,21
573,URAKAWA I,869,42.167,142.767,,JPN,01/01/1980,641,26
574,URAKAWA II,1296,42.167,142.767,,JPN,26/11/2015,641,27
575,MURORAN,1194,42.35,140.95,,JPN,20/04/2009,641,29
576,HAKODATE I,813,41.782,140.725,88.0,JPN,08/02/2017,641,31
577,HAKODATE II,671,41.767,140.717,88.0,JPN,06/12/1990,641,32
578,TAPPI,1587,41.243,140.381,,JPN,09/02/2017,641,33
579,YOSIOKA,1596,41.45,140.25,,JPN,20/04/2009,641,34
580,ESASHI,1605,41.867,140.133,,JPN,24/08/1998,641,35
581,OSHORO I,159,43.217,140.867,,JPN,01/01/1980,641,41
582,OSHORO II,1027,43.209,140.858,,JPN,08/02/2017,641,42
583,WAKKANAI,1103,45.408,141.685,324.0,JPN,08/02/2017,641,61
584,HACHINOHE I,460,40.533,141.533,,JPN,01/01/1980,642,1
585,HACHINOHE II,1266,40.532,141.528,,JPN,22/02/2012,642,2
586,MIYAKO I,463,39.633,141.967,,JPN,01/01/1980,642,11
587,MIYAKO II,1149,39.643,141.975,,JPN,08/02/2017,642,12
588,KAMAISI II,1346,39.273,141.889,,JPN,09/02/2017,642,17
589,OFUNATO I,1140,39.067,141.717,87.0,JPN,01/01/1980,642,21
590,OFUNATO II,1364,39.02,141.753,87.0,JPN,07/02/2017,642,22
591,ONAGAWA,674,38.433,141.467,,JPN,01/01/1980,642,28
592,AYUKAWA,131,38.297,141.505,,JPN,08/02/2017,642,31
593,SOMA,1345,37.831,140.962,,JPN,09/02/2017,642,36
594,ONAHAMA,635,36.938,140.892,,JPN,08/02/2017,642,41
595,CHOSHI-GYOKO,1544,35.744,140.858,,JPN,09/02/2017,642,50
596,CHOSHI I,879,35.733,140.867,,JPN,01/01/1980,642,51
597,KATSUURA,1191,35.129,140.249,,JPN,08/02/2017,642,55
598,MERA,359,34.919,139.825,86.0,JPN,08/02/2017,642,61
599,TUKIZI,673,35.667,139.767,,JPN,01/01/1980,642,63
600,TOKYO III,1545,35.649,139.77,,JPN,09/02/2017,642,69
601,TOKYO I,881,35.667,139.767,,JPN,01/01/1980,642,70
602,TOKYO II,1222,35.65,139.767,,JPN,12/09/1997,642,71
603,SIBAURA,952,35.633,139.75,,JPN,20/04/2009,642,72
604,YOKOSUKA,722,35.288,139.651,,JPN,08/02/2017,642,81
605,ABURATSUBO,130,35.16,139.615,,JPN,08/02/2017,642,91
606,KAMINATO II (HATIZYO SIMA),1440,33.13,139.805,,JPN,09/02/2017,642,97
607,MIYAKE SIMA,1060,34.067,139.481,,JPN,08/02/2017,642,98
608,KOZU SIMA,1061,34.209,139.132,,JPN,08/02/2017,642,99
609,OKADA,1091,34.789,139.391,,JPN,08/02/2017,642,100
610,ITO I,876,34.967,139.117,,JPN,01/01/1980,642,111
611,ITO II,1343,34.896,139.133,,JPN,09/02/2017,642,112
612,MINAMI IZU,1064,34.617,138.883,,JPN,21/04/2009,642,115
613,UCHIURA,407,35.017,138.89,,JPN,08/02/2017,642,118
614,TAGO,1437,34.807,138.764,,JPN,09/02/2017,642,119
615,SHIMIZU-MINATO,808,35.012,138.518,,JPN,08/02/2017,642,121
616,YAIZU,1438,34.871,138.327,,JPN,09/02/2017,642,122
617,OMAEZAKI II,1263,34.608,138.222,,JPN,08/02/2017,642,124
618,MAISAKA,1089,34.682,137.609,,JPN,08/02/2017,642,126
619,ONISAKI,1026,34.904,136.824,,JPN,08/02/2017,642,128
620,NAGOYA,860,35.083,136.883,,JPN,15/09/1997,642,131
621,NAGOYA II,1488,35.091,136.881,,JPN,09/02/2017,642,132
622,TOBA,627,34.467,136.85,,JPN,01/01/1980,642,134
623,OWASE,1146,34.076,136.207,,JPN,08/02/2017,642,136
624,URAGAMI,1090,33.558,135.896,,JPN,08/02/2017,642,138
625,KUSHIMOTO,134,33.476,135.773,85.0,JPN,08/02/2017,642,141
626,SHIRAHAMA,1150,33.684,135.375,,JPN,08/02/2017,643,5
627,KAINAN,701,34.144,135.191,,JPN,08/02/2017,643,13
628,WAKAYAMA,816,34.222,135.146,,JPN,08/02/2017,643,15
629,TAN-NOWA,817,34.339,135.178,,JPN,08/02/2017,643,17
630,OSAKA,1099,34.658,135.433,,JPN,08/02/2017,643,21
631,KOBE,846,34.683,135.183,,JPN,21/02/1997,643,24
632,KOBE II,1790,34.682,135.19,,JPN,09/02/2017,643,25
633,SUMOTO,1098,34.341,134.907,,JPN,08/02/2017,643,26
634,UNO,812,34.489,133.949,,JPN,08/02/2017,643,31
635,KURE II,749,34.233,132.533,,JPN,01/01/1980,643,41
636,KURE III,1023,34.233,132.55,,JPN,01/01/1980,643,42
637,KURE IV,1209,34.241,132.55,,JPN,08/02/2017,643,43
638,HIROSIMA,1028,34.353,132.465,,JPN,08/02/2017,643,44
639,TOKUYAMA I,669,34.033,131.8,,JPN,01/01/1980,643,51
640,TOKUYAMA II,1210,34.041,131.803,,JPN,08/02/2017,643,52
641,KOCHI II,1184,33.5,133.583,,JPN,01/01/1980,644,2
642,KURE I,1320,33.334,133.243,,JPN,09/02/2017,644,4
643,KOCHI III,1567,33.499,133.569,,JPN,09/02/2017,644,5
644,TOSA SHIMIZU,815,32.779,132.959,,JPN,08/02/2017,644,11
645,UWAJIMA I,461,33.233,132.55,,JPN,01/01/1980,644,21
646,UWAJIMA II,1212,33.227,132.551,,JPN,08/02/2017,644,22
647,MATSUYAMA I,880,33.867,132.7,,JPN,01/01/1980,644,31
648,MATSUYAMA II,1062,33.859,132.712,,JPN,08/02/2017,644,32
649,TAKAMATSU,847,34.35,134.05,,JPN,01/07/1994,644,41
650,TAKAMATSU II,1789,34.351,134.057,,JPN,09/02/2017,644,42
651,KOMATSUSHIMA,809,34.009,134.588,,JPN,08/02/2017,644,51
652,MUROTOMISAKI,1390,33.266,134.164,,JPN,09/02/2017,644,61
653,MOZI,912,33.95,130.967,,JPN,21/04/2009,645,4
654,OITA II,1293,33.266,131.687,,JPN,09/02/2017,645,9
655,HOSOJIMA,133,32.429,131.669,,JPN,08/02/2017,645,11
656,ABURATSU,814,31.577,131.409,82.0,JPN,08/02/2017,645,21
657,NISINOOMOTE,1096,30.735,130.992,,JPN,08/02/2017,645,31
658,ODOMARI,1097,31.024,130.689,,JPN,08/02/2017,645,33
659,KAGOSHIMA I,868,31.6,130.567,,JPN,01/01/1980,645,40
660,MAKURAZAKI I,1142,31.267,130.3,,JPN,01/01/1980,645,42
661,AKUNE,1265,32.018,130.191,,JPN,08/02/2017,645,45
662,MISUMI,810,32.623,130.451,,JPN,07/02/2013,645,51
663,OURA,1102,32.977,130.221,,JPN,08/02/2017,645,59
664,KUCHINOTSU,1386,32.605,130.195,,JPN,09/02/2017,645,62
665,NAGASAKI,1100,32.735,129.866,83.0,JPN,08/02/2017,645,64
666,FUKUE,1101,32.696,128.849,,JPN,08/02/2017,645,66
667,SASEBO I,672,33.167,129.717,,JPN,01/01/1980,645,71
668,SASEBO II,1147,33.158,129.724,,JPN,08/02/2017,645,72
669,KARIYA,1318,33.473,129.849,,JPN,09/02/2017,645,75
670,IZUHARA,661,34.2,129.3,,JPN,04/05/1988,645,81
671,IZUHARA II,1586,34.198,129.292,,JPN,09/02/2017,645,82
672,HAKATA,1094,33.619,130.408,,JPN,08/02/2017,645,91
673,NASE I,887,28.383,129.5,,JPN,01/01/1980,646,1
674,NASE II,1018,28.383,129.5,,JPN,01/01/1980,646,2
675,NASE III,1522,28.5,129.5,,JPN,09/02/2017,646,3
676,NAKANO SIMA,1105,29.842,129.848,,JPN,08/02/2017,646,11
677,OKINAWA,1388,26.179,127.824,,JPN,09/02/2017,646,21
678,NAHA,1151,26.213,127.665,81.0,JPN,08/02/2017,646,24
679,ISHIGAKI,1411,24.333,124.167,,JPN,15/12/1989,646,41
680,ISHIGAKI II,1671,24.332,124.164,,JPN,09/02/2017,646,42
681,SHIMONOSEKI III,1830,33.925,130.928,,JPN,06/02/2014,647,10
682,SHIMONOSEKI I,845,33.967,130.95,,JPN,09/05/1995,647,11
683,SHIMONOSEKI II,783,33.967,130.95,,JPN,01/01/1980,647,12
684,HAGI,1306,34.433,131.417,,JPN,03/02/1993,647,15
685,TONOURA,94,34.9,132.067,326.0,JPN,04/05/1988,647,21
686,HAMADA II,1585,34.897,132.066,326.0,JPN,09/02/2017,647,23
687,SAKAI,811,35.548,133.243,,JPN,08/02/2017,647,41
688,SAIGO,1095,36.201,133.331,,JPN,08/02/2017,647,43
689,TAJIRI,1148,35.594,134.316,,JPN,08/02/2017,647,47
690,MIYAZU,872,35.533,135.183,,JPN,01/01/1980,647,51
691,MAIZURU I,663,35.483,135.4,,JPN,01/01/1980,647,61
692,MAIZURU II,1387,35.477,135.387,,JPN,09/02/2017,647,62
693,MAIZURU III,1523,35.45,135.317,,JPN,21/04/2009,647,63
694,MIKUNI,1190,36.255,136.149,,JPN,08/02/2017,647,65
695,TOYAMA,1389,36.762,137.225,325.0,JPN,09/02/2017,647,68
696,WAJIMA,132,37.406,136.9,,JPN,08/02/2017,647,71
697,KASHIWAZAKI,753,37.357,138.508,,JPN,08/02/2017,647,81
698,OGI,1344,37.815,138.281,,JPN,09/02/2017,647,86
699,AWA SIMA,1093,38.468,139.255,,JPN,08/02/2017,647,90
700,NEZUGASEKI,752,38.563,139.546,,JPN,08/02/2017,647,91
701,OGA,1264,39.942,139.706,,JPN,08/02/2017,647,96
702,IWASAKI,121,40.583,139.917,,JPN,01/01/1980,647,101
703,OMINATO,679,41.25,141.15,,JPN,21/04/2009,647,111
704,ASAMUSHI,721,40.898,140.859,,JPN,08/02/2017,647,121
705,CHICHIJIMA,1391,27.083,142.183,103.0,JPN,09/02/2017,648,1
706,ST HELIER (JERSEY) 2,1795,49.183,-2.117,,JEY,28/06/2017,180,2
707,MOMBASA II,2183,-4.067,39.65,8.0,KEN,28/10/2015,470,2
708,LAMU B,2198,-2.272,40.903,,KEN,28/10/2015,470,14
709,"TARAWA-A,BETIO",1381,1.367,172.933,113.0,KIR,29/08/1990,730,6
710,"TARAWA-B,BAIRIKI",1579,1.333,173.017,113.0,KIR,15/11/1990,730,7
711,"TARAWA-C,BETIO",1739,1.367,172.933,113.0,KIR,17/10/2002,730,8
712,BETIO,1804,1.365,172.933,113.0,KIR,25/01/2017,730,9
713,KANTON ISLAND,575,-2.8,-171.717,145.0,KIR,01/01/1980,750,11
714,KANTON ISLAND-B,1329,-2.817,-171.717,145.0,KIR,14/10/2013,750,12
715,FANNING-B,1361,3.9,-159.383,,KIR,18/05/1994,770,12
716,CHRISTMAS ISLAND,801,1.983,-157.467,146.0,KIR,01/01/1980,770,21
717,CHRISTMAS ISLAND II,1371,1.983,-157.483,146.0,KIR,29/10/2015,770,22
718,WONSAN,1007,39.167,127.45,307.0,PRK,03/09/1993,625,11
719,INCHEON,956,37.452,126.592,,KOR,25/04/2017,620,11
720,ANHEUNG,1699,36.674,126.132,,KOR,25/04/2017,620,14
721,BORYEONG,1675,36.406,126.486,,KOR,25/04/2017,620,17
722,KUNSAN,959,35.983,126.717,,KOR,25/01/2001,620,21
723,GUNSAN (OUTER PORT),1527,35.976,126.563,,KOR,25/04/2017,620,22
724,WIDO,1628,35.618,126.302,,KOR,25/04/2017,620,24
725,MOKPO,954,34.78,126.376,,KOR,25/04/2017,620,27
726,HEUKSANDO,1489,34.684,125.436,,KOR,23/05/2017,620,28
727,SEOGWIPO,1627,33.24,126.562,,KOR,25/04/2017,620,32
728,JEJU,1066,33.528,126.543,,KOR,25/04/2017,620,33
729,WANDO,1568,34.315,126.76,,KOR,25/04/2017,620,34
730,GEOMUNDO,1546,34.028,127.309,,KOR,25/04/2017,620,35
731,YEOSU,1155,34.747,127.766,,KOR,25/04/2017,620,36
732,TONGYEONG,1446,34.828,128.435,,KOR,25/04/2017,620,38
733,CHUJADO,1588,33.962,126.3,,KOR,25/04/2017,620,39
734,CHINHAE,970,35.15,128.65,,KOR,01/01/1980,620,41
735,GADEOKDO,1445,35.025,128.811,,KOR,25/04/2017,620,43
736,BUSAN,955,35.096,129.036,84.0,KOR,25/04/2017,620,46
737,ULSAN,997,35.502,129.387,,KOR,25/04/2017,620,51
738,POHANG,1324,36.047,129.384,,KOR,25/04/2017,620,56
739,ULLEUNG,1490,37.491,130.914,,KOR,25/04/2017,620,59
740,MUKHO,1108,37.55,129.116,,KOR,25/04/2017,620,61
741,SOKCHO,1365,38.207,128.594,,KOR,25/04/2017,620,71
742,DAUGAVGRIVA,37,57.05,24.033,,LVA,01/01/1980,83,81
743,LIEPAJA,26,56.533,20.983,,LVA,30/03/2016,83,151
744,KLAIPEDA,118,55.7,21.133,,LTU,17/07/2012,84,161
745,MACAU,269,22.2,113.55,,MAC,06/09/1990,609,1
746,NOSY-BE,926,-13.4,48.283,15.0,MDG,01/01/1980,440,1
747,PULAU LANGKAWI,1676,6.431,99.764,,MYS,22/06/2016,550,2
748,PULAU PINANG,1595,5.422,100.347,,MYS,22/06/2016,550,3
749,LUMUT,1594,4.24,100.613,43.0,MYS,22/06/2016,550,5
750,PELABUHAN KELANG,1591,3.05,101.358,,MYS,22/06/2016,550,7
751,TANJUNG KELING,1593,2.215,102.153,,MYS,22/06/2016,550,9
752,KUKUP,1677,1.325,103.443,,MYS,22/06/2016,550,10
753,JOHOR BAHRU,248,1.462,103.792,,MYS,04/05/2017,550,11
754,TANJUNG SEDILI,1702,1.932,104.115,,MYS,22/06/2016,550,12
755,PULAU TIOMAN,1678,2.807,104.14,,MYS,22/06/2016,550,13
756,TANJUNG GELANG,1589,3.975,103.43,,MYS,22/06/2016,550,14
757,CENDERING,1592,5.265,103.187,293.0,MYS,22/06/2016,550,17
758,GETING,1703,6.226,102.107,,MYS,22/06/2016,550,21
759,MIRI,1819,4.401,113.974,,MYS,04/05/2017,663,1
760,BINTULU,1833,3.262,113.064,,MYS,22/06/2016,663,11
761,SEJINGKAT,1893,1.583,110.422,,MYS,25/07/2011,663,21
762,LABUAN 2,1879,5.273,115.25,,MYS,22/06/2016,665,2
763,KOTA KINABALU,1733,5.983,116.067,,MYS,22/06/2016,665,31
764,KUDAT,1876,6.879,116.844,,MYS,22/06/2016,665,38
765,SANDAKAN,1834,5.81,118.067,,MYS,22/06/2016,665,45
766,LAHAT DATU,1877,5.019,118.346,,MYS,22/06/2016,665,53
767,TAWAU,1734,4.233,117.883,,MYS,22/06/2016,665,61
768,GAN II,1707,-0.683,73.15,27.0,MDV,29/10/2015,454,2
769,"MALE-B, HULULE",1753,4.183,73.533,28.0,MDV,15/10/2013,454,11
770,MARSAXLOKK (FORMALLY VALLETTA),1735,35.82,14.533,,MLT,23/06/2016,265,1
771,ENEWETOK,665,11.367,162.35,,MHL,01/01/1980,720,1
772,KWAJALEIN,513,8.732,167.735,111.0,MHL,08/03/2016,720,11
773,MAJURO-B,1217,7.1,171.367,112.0,MHL,17/10/2002,720,16
774,MAJURO-C,1838,7.106,171.373,112.0,MHL,25/01/2017,720,17
775,WAKE ISLAND,595,19.29,166.617,105.0,MHL,02/02/2017,720,21
776,FORT-DE-FRANCE II,1942,14.602,-61.063,338.0,MTQ,22/03/2017,912,21
777,GRAND PORT,930,-20.367,57.75,,MUS,01/01/1980,450,1
778,PORT LOUIS,477,-20.15,57.5,18.0,MUS,12/06/1991,450,11
779,PORT LOUIS II,1673,-20.15,57.5,18.0,MUS,17/01/2017,450,12
780,RODRIGUES IS,1672,-19.667,63.417,19.0,MUS,17/01/2017,450,21
781,DZAOUDZI,1642,-12.782,45.258,96.0,MYT,30/08/2016,438,1
782,ENSENADA,795,31.85,-116.633,,MEX,12/01/2012,830,1
783,BAHIA SAN QUINTIN,1457,30.483,-115.983,,MEX,29/12/1994,830,5
784,GUADALUPE ISLAND II,1413,28.883,-118.3,160.0,MEX,29/01/1992,830,12
785,ISLA DE CEDROS,1430,28.1,-115.183,,MEX,29/01/1992,830,14
786,CABO SAN LUCAS,1355,22.883,-109.9,161.0,MEX,31/07/2014,830,20
787,LA PAZ,695,24.167,-110.35,,MEX,14/05/2013,830,21
788,LORETO,1410,26.017,-111.367,,MEX,29/01/1992,830,23
789,BAHIA DE LOS ANGELES,1357,28.967,-113.55,,MEX,03/12/1997,830,25
790,GUAYMAS,693,27.917,-110.9,,MEX,14/05/2013,830,31
791,TOPOLOBAMPO,793,25.6,-109.05,,MEX,21/01/1992,830,41
792,MAZATLAN,712,23.2,-106.417,,MEX,14/02/1996,830,51
793,MANZANILLO,737,19.05,-104.333,163.0,MEX,23/01/1992,830,71
794,MANZANILLO 2,1818,19.067,-104.3,163.0,MEX,23/09/2015,830,72
795,ACAPULCO,686,16.833,-99.917,267.0,MEX,24/06/2015,830,81
796,PUERTO ANGEL,1015,15.5,-96.5,164.0,MEX,14/02/1996,830,86
797,SALINA CRUZ,689,16.167,-95.2,,MEX,14/05/2013,830,91
798,PROGRESO,690,21.3,-89.667,213.0,MEX,24/06/2015,920,1
799,CIUDAD DEL CARMEN,796,18.633,-91.85,,MEX,24/01/1992,920,11
800,COATZACOALCOS,692,18.15,-94.417,,MEX,23/01/1992,920,21
801,ALVARADO,768,18.767,-95.767,,MEX,23/01/1992,920,31
802,TUXPAN,918,21.0,-97.333,,MEX,15/05/2013,920,51
803,CIUDAD MADERO,1020,22.25,-97.8,,MEX,09/10/1990,920,66
804,"CHUUK, MOEN ISLAND",528,7.447,151.847,116.0,FSM,10/03/2000,710,1
805,KAPINGAMARANGI,1473,1.1,154.783,117.0,FSM,28/10/2015,710,26
806,POHNPEI-B,1370,6.983,158.233,115.0,FSM,04/11/2015,710,31
807,POHNPEI C,1925,6.981,158.2,115.0,FSM,25/01/2017,710,32
808,MONACO (FONTVIEILLE),788,43.729,7.421,,MCO,22/03/2017,233,11
809,BAR,1075,42.083,19.083,,MNE,03/02/1993,281,11
810,VILLA SANJURJO,506,35.25,-3.917,,MAR,01/01/1980,350,4
811,MAPUTO,986,-25.967,32.567,,MOZ,12/10/2005,432,1
812,MOZAMBIQUE ISLAND,1054,-15.033,40.733,,MOZ,01/01/1980,432,21
813,AKYAB,421,20.133,92.9,37.0,MMR,01/01/1980,530,1
814,RANGOON,210,16.767,96.167,,MMR,01/01/1980,530,11
815,MOULMEIN,747,16.483,97.617,141.0,MMR,01/01/1980,530,21
816,AMHERST,746,16.083,97.567,,MMR,01/01/1980,530,31
817,WALVIS BAY,914,-22.949,14.499,314.0,NAM,05/04/2016,427,1
818,LUDERITZ,911,-26.643,15.155,,NAM,05/04/2016,427,11
819,NAURU,1374,-0.533,166.9,114.0,NRU,14/02/1996,715,1
820,NAURU-B,1844,-0.529,166.91,114.0,NRU,25/01/2017,715,2
821,DELFZIJL,24,53.326,6.933,,NLD,17/07/2017,150,1
822,WEST-TERSCHELLING,236,53.363,5.22,,NLD,17/07/2017,150,11
823,HARLINGEN,25,53.176,5.409,,NLD,17/07/2017,150,21
824,DEN HELDER,23,52.964,4.745,,NLD,17/07/2017,150,31
825,IJMUIDEN,32,52.462,4.555,,NLD,17/07/2017,150,41
826,HOEK VAN HOLLAND,22,51.978,4.12,,NLD,17/07/2017,150,51
827,MAASSLUIS,9,51.918,4.25,,NLD,17/07/2017,150,61
828,ROOMPOT BUITEN,1551,51.62,3.682,,NLD,17/07/2017,150,90
829,VLISSINGEN,20,51.442,3.596,,NLD,17/07/2017,150,101
830,NOUMEA-CHALEIX,852,-22.3,166.433,123.0,NCL,13/09/1991,740,1
831,NOUMEA-NUMBO,2134,-22.242,166.416,123.0,NCL,22/03/2017,740,21
832,MARE,2239,-21.548,167.877,,NCL,23/03/2017,740,22
833,AUCKLAND-WAITEMATA HARBOUR,217,-36.843,174.769,127.0,NZL,27/08/1999,690,1
834,AUCKLAND II,150,-36.843,174.769,127.0,NZL,09/06/2003,690,2
835,MOTURIKI ISLAND,978,-37.632,176.185,,NZL,23/11/2010,690,4
836,TAURANGA (SALISBURY WHARF),1590,-37.641,176.181,,NZL,13/06/2017,690,6
837,GISBORNE,1613,-38.675,178.022,,NZL,13/06/2017,690,8
838,NAPIER,1750,-39.476,176.92,,NZL,13/06/2017,690,9
839,WELLINGTON HARBOUR,221,-41.284,174.78,101.0,NZL,13/06/2017,690,11
840,WELLINGTON II,500,-41.284,174.78,101.0,NZL,04/03/2013,690,12
841,PORT LYTTELTON,247,-43.606,172.722,,NZL,13/06/2017,690,21
842,LYTTELTON II,259,-43.606,172.722,,NZL,17/01/2003,690,22
843,TIMARU HARBOUR,998,-44.394,171.256,,NZL,13/06/2017,690,26
844,PORT CHALMERS,1643,-45.815,170.624,,NZL,13/06/2017,690,28
845,DUNEDIN,252,-45.879,170.513,,NZL,01/01/1980,690,31
846,DUNEDIN II,136,-45.879,170.513,,NZL,13/06/2017,690,32
847,BLUFF (SOUTHLAND HARBOUR),213,-46.598,168.345,129.0,NZL,13/06/2017,690,41
848,GREYMOUTH,993,-42.45,171.2,,NZL,01/01/1980,690,51
849,WESTPORT HARBOUR,1004,-41.746,171.595,,NZL,25/05/1995,690,61
850,NELSON,787,-41.261,173.273,,NZL,13/06/2017,690,71
851,WANGANUI,1621,-39.945,174.993,,NZL,19/05/1989,690,77
852,PORT TARANAKI,996,-39.056,174.034,,NZL,13/06/2017,690,81
853,WHANGAREI HARBOUR (MARSDEN POINT),1065,-35.757,174.35,,NZL,13/06/2017,690,105
854,CHATHAM ISLAND,1920,-43.946,-176.561,128.0,NZL,17/11/2010,690,401
855,FORCADOS,389,5.35,5.35,,NGA,05/10/1992,420,11
856,NORFOLK ISLAND,821,-29.058,167.954,124.0,NFK,28/09/2016,680,91
857,SAIPAN,1474,15.233,145.75,118.0,MNP,28/10/2015,700,11
858,VARDO,524,70.375,31.104,323.0,NOR,08/09/2016,40,1
859,VADSO,1257,70.067,29.75,,NOR,18/10/1994,40,5
860,BERLEVAG,442,70.85,29.1,,NOR,01/01/1980,40,11
861,HONNINGSVAG,1267,70.98,25.973,,NOR,08/09/2016,40,15
862,HAMMERFEST,758,70.665,23.683,,NOR,08/09/2016,40,21
863,TROMSO,680,69.647,18.961,,NOR,08/09/2016,40,31
864,ANDENES,425,69.326,16.135,322.0,NOR,08/09/2016,40,41
865,HARSTAD,681,68.801,16.548,,NOR,08/09/2016,40,61
866,EVENSKJAER,531,68.583,16.55,,NOR,01/01/1980,40,71
867,NARVIK,312,68.428,17.426,,NOR,08/09/2016,40,81
868,KABELVAG,45,68.213,14.482,,NOR,08/09/2016,40,91
869,BODO,562,67.288,14.391,,NOR,08/09/2016,40,101
870,SANDNESSJOEN,1137,66.017,12.633,,NOR,01/01/1980,40,117
871,MOSJOEN,781,65.85,13.2,,NOR,01/01/1980,40,121
872,BRONNOYSUND,803,65.483,12.217,,NOR,01/01/1980,40,131
873,RORVIK,1241,64.859,11.23,234.0,NOR,08/09/2016,40,136
874,TRONDHEIM,34,63.433,10.433,,NOR,30/09/1991,40,141
875,TRONDHEIM 2,1748,63.436,10.392,,NOR,08/09/2016,40,142
876,HEIMSJO,313,63.425,9.102,,NOR,08/09/2016,40,151
877,KRISTIANSUND,682,63.114,7.734,,NOR,08/09/2016,40,161
878,ALESUND,509,62.469,6.152,,NOR,08/09/2016,40,191
879,KJOLSDAL,398,61.917,5.633,,NOR,10/10/1994,40,201
880,MALOY,486,61.934,5.113,,NOR,08/09/2016,40,211
881,BERGEN,58,60.398,5.32,,NOR,08/09/2016,40,221
882,STAVANGER,47,58.974,5.73,,NOR,08/09/2016,40,261
883,TREGDE,302,58.006,7.555,321.0,NOR,08/09/2016,40,301
884,HELGEROA,1113,58.995,9.856,,NOR,08/09/2016,40,310
885,NEVLUNGHAVN,401,58.967,9.883,,NOR,01/01/1980,40,311
886,OSLO,62,59.909,10.735,,NOR,08/09/2016,40,321
887,OSCARSBORG,33,59.678,10.605,,NOR,08/09/2016,40,331
888,VIKER,1759,59.036,10.95,,NOR,08/09/2016,40,341
889,SALALAH,1754,16.933,54.0,4.0,OMN,13/01/2016,487,1
890,MASIRAH,1887,20.683,58.867,,OMN,29/10/2015,487,12
891,MUSCAT,1716,23.633,58.567,,OMN,15/10/2013,487,21
892,MUSCAT B,2185,23.628,58.565,,OMN,28/10/2015,487,22
893,KARACHI,204,24.812,66.975,30.0,PAK,27/01/2016,490,21
894,MALAKAL-B,1252,7.333,134.467,120.0,PLW,29/10/2015,711,21
895,PUERTO ARMUELLES,668,8.267,-82.867,,PAN,01/01/1980,840,1
896,PUERTO ARMUELLES B,1571,8.267,-82.867,,PAN,05/06/2014,840,2
897,BALBOA,163,8.967,-79.567,168.0,PAN,26/04/2017,840,11
898,NAOS ISLAND,581,8.918,-79.55,,PAN,01/01/1980,840,21
899,NAOS ISLAND 2,1783,8.918,-79.533,,PAN,07/10/1998,840,22
900,COCO SOLO,1530,9.367,-79.883,208.0,PAN,21/08/1997,904,6
901,CRISTOBAL,169,9.35,-79.917,208.0,PAN,16/01/2012,904,11
902,LAE,1303,-6.75,147.0,,PNG,03/07/2013,670,2
903,ALOTAU,1607,-10.317,150.45,63.0,PNG,03/07/2013,670,6
904,PORT MORESBY,439,-9.483,147.133,,PNG,20/05/1996,670,11
905,PORT MORESBY II,1610,-9.483,147.133,,PNG,26/03/2013,670,12
906,RABAUL,1164,-4.2,152.183,65.0,PNG,08/12/1998,670,21
907,KAVIENG,1608,-2.583,150.8,,PNG,03/07/2013,670,31
908,MANUS ISLAND,1609,-2.017,147.267,,PNG,03/07/2013,670,41
909,LOMBRUM,1860,-2.042,147.374,331.0,PNG,25/01/2017,670,43
910,WEWAK,1304,-3.55,143.633,,PNG,03/07/2013,670,51
911,MADANG,1254,-5.217,145.8,,PNG,03/07/2013,670,61
912,TALARA,475,-4.617,-81.283,,PER,01/01/1980,848,11
913,CHIMBOTE,771,-9.083,-78.633,,PER,01/01/1980,848,21
914,CALLAO 2,1274,-12.05,-77.15,173.0,PER,29/10/2015,848,32
915,SAN JUAN,923,-15.367,-75.2,,PER,01/01/1980,848,41
916,MATARANI,458,-17.0,-72.117,,PER,01/03/1990,848,51
917,MATARANI B,2188,-17.002,-72.108,,PER,04/11/2015,848,55
918,"SAN FERNANDO, LA UNION",548,16.617,120.3,,PHL,27/06/1990,660,1
919,SAN JOSE,1711,12.333,121.083,,PHL,02/05/2017,660,2
920,PORT IRENE,1705,18.383,122.1,,PHL,08/10/2008,660,3
921,CATICLAN MALAY AKLAN,2172,11.95,121.933,,PHL,08/12/2016,660,4
922,"PULUPANDAN, NEGROS OCCIDENTAL",2151,10.517,122.8,,PHL,08/12/2016,660,5
923,CURRIMAO ILOCOS NORTE,2173,17.983,120.483,,PHL,08/12/2016,660,7
924,"BALANACAN, MARINDUQUE",2157,13.533,121.867,,PHL,08/12/2016,660,8
925,SUBIC ZAMBALES,2176,14.767,120.25,,PHL,08/12/2016,660,9
926,"MANILA, S. HARBOR",145,14.583,120.967,73.0,PHL,08/12/2016,660,11
927,"LEGASPI, ALBAY",522,13.15,123.75,72.0,PHL,08/12/2016,660,21
928,"VIRAC, CATANDUANES",2150,13.583,124.233,,PHL,08/12/2016,660,22
929,REAL QUEZON,2035,14.667,121.6,,PHL,08/12/2016,660,24
930,"TACLOBAN, LEYTE",664,11.25,125.0,,PHL,01/01/1980,660,71
931,CEBU,394,10.3,123.917,,PHL,08/12/2016,660,101
932,"BALINTANG, QUEZON, PALAWAN",2155,9.35,118.133,,PHL,12/12/2013,660,106
933,"PUERTO PRINCESA, PALAWAN",207,9.75,118.733,,PHL,08/12/2016,660,111
934,"MATI, DAVAO ORIENTAL",2156,6.95,126.217,,PHL,08/12/2016,660,116
935,"DAVAO, DAVAO GULF",537,7.083,125.633,71.0,PHL,08/12/2016,660,121
936,PAGADIAN CITY,2152,7.817,123.433,,PHL,08/12/2016,660,125
937,"MAKAR, GENERAL SANTOS CITY",2153,6.1,125.15,,PHL,02/05/2017,660,128
938,ZAMBOANGA CITY,2175,6.917,122.067,,PHL,02/05/2017,660,133
939,"JOLO, SULU",260,6.067,121.0,70.0,PHL,30/03/1999,660,141
940,"MACABALAN PORT, CAGAYAN DE ORO",2154,8.5,124.667,,PHL,08/12/2016,660,145
941,"TANDAG, SURIGAO DEL SUR",2158,9.083,126.2,,PHL,08/12/2016,660,148
942,MAMBAJAO CAMGUIN,2174,9.25,124.733,,PHL,08/12/2016,660,150
943,SURIGAO,1708,9.783,125.5,,PHL,08/12/2016,660,151
944,GDANSK/NOWY PORT,64,54.4,18.683,,POL,19/10/2001,110,22
945,GDYNIA,364,54.533,18.55,,POL,01/01/1980,110,32
946,HEL,146,54.6,18.8,,POL,30/03/2016,110,42
947,WLADYSLAWOWO,645,54.8,18.417,,POL,19/10/2001,110,47
948,USTKA,644,54.583,16.867,,POL,19/10/2001,110,57
949,KOLOBRZEG,643,54.183,15.55,,POL,19/10/2001,110,72
950,SWINOUJSCIE,2,53.917,14.233,,POL,19/10/2001,110,92
951,VIANA,1482,41.683,-8.833,,PRT,09/11/1998,210,11
952,LEIXOES,791,41.183,-8.7,,PRT,09/11/1998,210,12
953,AVEIRO,1402,40.65,-8.75,,PRT,06/11/1998,210,13
954,CASCAIS,52,38.683,-9.417,246.0,PRT,27/01/2016,210,21
955,LISBON,1336,38.7,-9.133,,PRT,30/11/1988,210,23
956,SETROIA,1425,38.5,-8.9,,PRT,09/11/1998,210,26
957,SINES,1456,37.95,-8.883,,PRT,09/11/1998,210,28
958,LAGOS,162,37.1,-8.667,,PRT,27/01/2016,210,31
959,PONTA DELGADA,258,37.736,-25.671,245.0,PRT,06/06/2017,360,1
960,ANGRA DO HEROISMO,380,38.65,-27.233,,PRT,04/11/1998,360,11
961,LAJES DAS FLORES,2171,39.378,-31.169,,PRT,06/06/2017,360,36
962,SANTA CRUZ DAS FLORES,843,39.45,-31.117,244.0,PRT,10/08/2016,360,41
963,FUNCHAL,1030,32.644,-16.913,250.0,PRT,14/04/2009,365,1
964,FUNCHAL II,2024,32.651,-17.118,250.0,PRT,06/06/2017,365,10
965,CULEBRA,2120,18.302,-65.303,,PRI,12/02/2014,938,1
966,"ESPERANZA, VIEQUES",2209,18.093,-65.472,,PRI,07/02/2017,938,4
967,MAGUEYES ISLAND,759,17.97,-67.045,,PRI,02/02/2017,938,11
968,SAN JUAN,1001,18.458,-66.115,206.0,PRI,02/02/2017,938,21
969,AGUADILLA,2121,18.457,-67.163,,PRI,18/02/2013,938,31
970,MONA ISLAND,2122,18.09,-67.938,,PRI,02/02/2017,938,41
971,POINTE DES GALETS,1501,-20.935,55.285,17.0,REU,22/03/2017,451,1
972,CONSTANTZA,379,44.167,28.667,,ROU,01/07/1998,297,21
973,RUSSKAYA GAVAN,711,76.2,62.583,99.0,RUS,12/07/1994,30,1
974,RUSSKAIA GAVAN II,710,76.183,62.583,99.0,RUS,17/01/2003,30,3
975,BELYI NOS,859,69.6,60.217,,RUS,17/01/2003,30,7
976,BUGRINO,2025,68.8,49.333,,RUS,20/07/2010,30,10
977,KRENKELIA (HEISA OSTROV),1012,80.617,58.05,,RUS,17/01/2003,30,14
978,MALYE KARMAKULY,609,72.367,52.7,,RUS,17/01/2003,30,16
979,MURMANSK,684,68.967,33.05,274.0,RUS,17/01/2017,30,18
980,MURMANSK II,687,68.967,33.05,274.0,RUS,17/01/2003,30,19
981,POLYARNIY,2027,69.2,33.483,,RUS,20/07/2010,30,20
982,TERIBERKA,2028,69.2,35.117,,RUS,20/07/2010,30,23
983,LINAKHAMARI,365,69.65,31.367,,RUS,01/01/1980,30,25
984,MYS PIKSHUEVA,2026,69.55,32.433,,RUS,20/07/2010,30,30
985,BOLVANSKII NOS (FEDOROVA),651,70.45,59.083,,RUS,06/01/2003,30,305
986,UGORSKII SHAR (UGORSKII SHAR PROLIV),622,69.817,60.75,,RUS,06/01/2003,30,308
987,AMDERMA,599,69.75,61.7,,RUS,08/12/2014,30,310
988,UST KARA,600,69.25,64.517,,RUS,08/12/2014,30,315
989,MORZHOVAIA (HARASAVEI MYS),732,71.417,67.583,,RUS,16/05/2013,30,318
990,ZHELANIA II (ZHELANIA MYS),647,76.95,68.55,,RUS,06/01/2003,30,321
991,POPOVA (BELYI OSTROV),653,73.333,70.05,,RUS,06/01/2003,30,325
992,TADIBE-IAHA,767,70.367,72.567,,RUS,06/01/2003,30,328
993,SE-LAHA,1200,70.15,72.567,,RUS,06/01/2003,30,331
994,ANTIPAIUTA,1128,69.083,76.85,,RUS,06/01/2003,30,335
995,VISE (VISE OSTROV),704,79.5,76.983,,RUS,08/12/2014,30,338
996,LESKINA (LESKINA MYS),654,72.317,79.567,,RUS,06/01/2003,30,340
997,DIKSON,611,73.5,80.4,312.0,RUS,13/08/2013,30,345
998,UEDINENIA (UEDINENIA OSTROV),707,77.5,82.2,,RUS,06/01/2003,30,348
999,SOPOCHNAIA KARGA,917,71.867,82.7,,RUS,08/12/2014,30,351
1000,IZVESTIA TSIK (IZVESTIA TSIK OSTROVA),728,75.95,82.95,,RUS,08/12/2014,30,360
1001,STERLEGOVA (STERLEGOVA MYS),612,75.417,88.9,,RUS,13/08/2013,30,365
1002,ISACHENKO (ISACHENKO OSTROV),734,77.15,89.2,,RUS,06/01/2003,30,370
1003,GOLOMIANYI (GOLOMIANYI OSTROV),729,79.55,90.617,,RUS,13/08/2013,30,374
1004,PRAVDY (PRAVDY OSTROV),615,76.267,94.767,,RUS,06/01/2003,30,378
1005,RUSSKII (RUSSKII OSTROV),655,77.167,96.433,,RUS,06/01/2003,30,380
1006,KRASNOFLOTSKIE (KRASNOFLOTSKIE OSTROVA),738,78.6,98.833,,RUS,16/05/2013,30,385
1007,GEIBERGA (GEIBERGA OSTROV),648,77.6,101.517,,RUS,06/01/2003,30,387
1008,SOLNECHNAIA (SOLNECHNAIA BUKHTA),656,78.2,103.267,,RUS,06/01/2003,30,390
1009,FEDOROVA (CHELUSKIN MYS),601,77.717,104.3,,RUS,13/08/2013,30,392
1010,KOSYSTYI (KOSYSTYI MYS),736,73.65,109.733,,RUS,06/01/2003,30,394
1011,SVIATOI NOS (SVIATOI NOS MYS),657,72.833,140.733,,RUS,06/01/2003,30,397
1012,PESCHANYI (PESCHANYI MYS),1006,79.433,102.483,,RUS,08/01/2003,30,405
1013,ANDREIA (ANDREIA OSTROV),646,76.8,110.75,,RUS,08/01/2003,30,410
1014,MALYI TAIMYR (MALYI TAIMYR OSTROV),620,78.083,106.817,,RUS,08/01/2003,30,414
1015,PREOBRAZHENIA (PREOBRAZHENIA OSTROV),652,74.667,112.933,,RUS,08/01/2003,30,418
1016,MARII PRONCHISHEVOI (BUKHTA),667,75.533,113.433,,RUS,08/01/2003,30,420
1017,ANABAR,1780,73.217,113.5,,RUS,08/12/2014,30,425
1018,TERPIAI-TUMSA,790,73.55,118.667,,RUS,08/01/2003,30,430
1019,UST OLENEK,610,73.0,119.867,,RUS,08/01/2003,30,435
1020,DUNAI (DUNAI OSTROV),640,73.933,124.5,,RUS,13/08/2013,30,440
1021,SAGYLLAH-ARY,1019,73.15,128.883,,RUS,08/01/2003,30,443
1022,TIKSI (TIKSI BUKHTA),569,71.583,128.917,313.0,RUS,13/08/2013,30,447
1023,BYKOV MYS (BYKOV MYS),1399,72.0,129.117,,RUS,08/01/2003,30,449
1024,MALYSHEVA (MALYSHEVA OSTROV),741,72.067,129.833,,RUS,08/01/2003,30,452
1025,MUOSTAH ( MUOSTAH OSTROV),649,71.55,130.033,,RUS,08/01/2003,30,455
1026,NAIBA,1497,70.85,130.75,,RUS,08/01/2003,30,460
1027,BUORHAIA (BUORHAIA MYS),735,71.95,132.767,,RUS,08/01/2003,30,464
1028,UADEI,709,71.517,136.417,,RUS,08/01/2003,30,468
1029,KOTELNYI (KOTELNYI OSTROV),641,76.0,137.867,,RUS,08/12/2014,30,475
1030,SANNIKOVA (SANNIKOVA PROLIV),602,74.667,138.9,,RUS,08/12/2014,30,480
1031,KIGILIAH,642,73.333,139.867,,RUS,08/12/2014,30,485
1032,ZEMLIA BUNGE,658,74.883,142.117,,RUS,13/01/2003,30,510
1033,SHALAUROVA (SHALAUROVA MYS),603,73.183,143.233,,RUS,13/08/2013,30,516
1034,NEMKOVA (NEMKOVA OSTROV),797,71.417,150.75,,RUS,16/01/2003,30,521
1035,ZHOHOVA (ZHOHOVA OSTROV),937,76.15,152.833,,RUS,13/01/2003,30,528
1036,AMBARCHIK,604,69.617,162.3,,RUS,08/12/2014,30,535
1037,CHETYREHSTOLBOVOI,650,70.633,162.483,,RUS,16/01/2003,30,550
1038,RAU-CHUA,605,69.5,166.583,,RUS,08/12/2014,30,556
1039,AION,730,69.933,167.983,,RUS,13/07/2010,30,560
1040,PEVEK,606,69.7,170.25,,RUS,08/12/2014,30,567
1041,VALKARKAI,792,70.083,170.933,,RUS,16/01/2003,30,570
1042,BILLINGA,708,69.883,175.767,,RUS,16/01/2003,30,578
1043,MYS SHMIDTA,616,68.9,-179.367,,RUS,16/01/2003,30,610
1044,VRANGELIA (VRANGELIA OSTROV),608,70.983,-178.483,,RUS,16/01/2003,30,620
1045,VANKAREM,607,67.833,-175.833,,RUS,13/08/2013,30,630
1046,KOLUCHIN,621,67.483,-174.65,,RUS,16/01/2003,30,640
1047,NETTEN,613,66.967,-171.933,,RUS,16/01/2003,30,650
1048,RATMANOVA,617,66.85,-169.133,,RUS,16/01/2003,30,670
1049,PROVIDENIA,662,64.417,-173.233,309.0,RUS,16/01/2003,30,725
1050,SUR SARI,227,60.083,26.983,,RUS,01/01/1980,80,1
1051,VYBORG,83,60.7,28.733,,RUS,01/01/1980,80,2
1052,PRIMORSK,237,60.35,28.617,,RUS,01/01/1980,80,4
1053,PIONERSKY,1719,54.7,20.483,,RUS,19/07/1995,80,179
1054,KALININGRAD,289,54.95,20.217,97.0,RUS,29/06/1988,80,181
1055,TUAPSE,215,44.1,39.067,98.0,RUS,17/01/2017,300,1
1056,YUZHNO KURILSK,546,44.017,145.867,90.0,RUS,25/01/1996,630,1
1057,NAGAEVO,827,59.55,150.717,92.0,RUS,17/01/2017,630,11
1058,PETROPAVLOVSK-KAMCHATSKY,824,52.983,158.65,93.0,RUS,17/01/2017,630,21
1059,ENGLISH BAY (ASCENSION ISLAND),1831,-7.893,-14.386,263.0,SHN,02/10/2014,402,1
1060,JAMESTOWN LANDING STEPS,1845,-15.921,-5.718,264.0,SHN,03/06/2014,425,1
1061,SAINT PIERRE ET MIQUELON,2246,46.779,-56.168,,SPM,04/04/2017,970,115
1062,APIA B,1840,-13.827,-171.761,,WSM,25/01/2017,746,2
1063,DAKAR,476,14.633,-17.45,253.0,SEN,01/01/1980,390,1
1064,DAKAR 2,1816,14.683,-17.417,253.0,SEN,03/11/2015,390,2
1065,POINT LA RUE,1846,-4.667,55.533,339.0,SYC,03/11/2015,442,7
1066,VICTORIA DOCK,1183,1.267,103.85,44.0,SGP,26/05/1988,555,1
1067,TANJONG PAGAR,1746,1.267,103.85,44.0,SGP,26/04/2017,555,2
1068,KEPPEL HARBOUR,1534,1.267,103.817,44.0,SGP,09/06/1992,555,3
1069,BUKOM,2032,1.226,103.778,,SGP,26/04/2017,555,10
1070,RAFFLES LIGHT HOUSE,1351,1.167,103.75,,SGP,26/04/2017,555,11
1071,UBIN,2068,1.419,103.928,,SGP,26/04/2017,555,15
1072,TANJONG CHANGI,2033,1.39,103.999,,SGP,26/04/2017,555,20
1073,SULTAN SHOAL,1248,1.233,103.65,,SGP,26/04/2017,555,21
1074,TANAH MERAH,2034,1.312,103.988,,SGP,26/04/2017,555,30
1075,JURONG,1275,1.3,103.717,,SGP,15/08/2005,555,31
1076,TUAS (WEST JURONG),1894,1.283,103.667,,SGP,21/01/2014,555,35
1077,SEMBAWANG,724,1.467,103.833,,SGP,26/04/2017,555,51
1078,WEST COAST,1895,1.3,103.767,,SGP,26/04/2017,555,81
1079,WEST TUAS,1896,1.344,103.634,,SGP,26/04/2017,555,91
1080,KOPER,1009,45.548,13.725,,SVN,18/12/1997,279,2
1081,LUKA KOPER,1817,45.548,13.725,,SVN,13/03/2007,279,3
1082,HONIARA II,1373,-9.433,159.95,66.0,SLB,07/11/1996,734,2
1083,HONIARA-B,1861,-9.429,159.955,66.0,SLB,25/01/2017,734,4
1084,PORT NOLLOTH,836,-29.257,16.868,,ZAF,23/02/2017,430,21
1085,STOMPNEUS BAY,882,-32.717,17.983,,ZAF,01/01/1980,430,31
1086,SALAMANDER,1427,-33.067,18.0,,ZAF,02/10/1995,430,37
1087,CAPE TOWN (GRANGER BAY),1195,-33.905,18.435,,ZAF,23/02/2017,430,45
1088,TABLE BAY HARBOUR,866,-33.917,18.433,,ZAF,27/03/2013,430,51
1089,SIMONS BAY,826,-34.188,18.44,268.0,ZAF,23/02/2017,430,61
1090,HERMANUS,928,-34.433,19.233,,ZAF,01/01/1980,430,71
1091,MOSSEL BAY,910,-34.179,22.135,,ZAF,23/02/2017,430,81
1092,KNYSNA,950,-34.049,23.046,,ZAF,23/02/2017,430,86
1093,PORT ELIZABETH,820,-33.951,25.63,76.0,ZAF,23/02/2017,430,88
1094,EAST LONDON,1192,-33.027,27.932,,ZAF,23/02/2017,430,90
1095,DURBAN,284,-29.874,31.051,13.0,ZAF,23/02/2017,430,91
1096,RICHARDS BAY,1443,-28.812,32.079,,ZAF,23/02/2017,430,95
1097,PASAJES,561,43.317,-1.917,,ESP,01/01/1980,200,1
1098,BILBAO,1806,43.352,-3.045,,ESP,03/01/2017,200,6
1099,SANTANDER I,485,43.461,-3.791,,ESP,07/02/2017,200,11
1100,SANTANDER II,1051,43.467,-3.767,,ESP,01/01/1980,200,12
1101,SANTANDER III,1807,43.461,-3.791,,ESP,03/01/2017,200,13
1102,GIJON II,1871,43.558,-5.698,,ESP,03/01/2017,200,22
1103,LA CORUNA I,484,43.369,-8.398,243.0,ESP,07/02/2017,200,30
1104,LA CORUNA II,763,43.367,-8.4,243.0,ESP,30/11/1998,200,31
1105,LA CORUNA III,1808,43.357,-8.389,243.0,ESP,03/01/2017,200,32
1106,LANGOSTEIRA,2308,43.347,-8.53,,ESP,10/01/2017,200,33
1107,FERROL 2,2053,43.476,-8.249,,ESP,03/01/2017,200,35
1108,VILLAGARCIA,1897,42.6,-8.767,,ESP,03/01/2017,200,36
1109,MARIN,2181,42.406,-8.691,,ESP,10/01/2017,200,38
1110,VIGO,483,42.238,-8.731,,ESP,07/02/2017,200,41
1111,VIGO II,1898,42.243,-8.726,,ESP,03/01/2017,200,42
1112,CADIZ II,209,36.533,-6.317,,ESP,26/06/2013,220,2
1113,CADIZ III,985,36.54,-6.286,,ESP,07/02/2017,220,3
1114,HUELVA,1883,37.132,-6.834,,ESP,03/01/2017,220,5
1115,BONANZA,1809,36.802,-6.338,,ESP,04/01/2017,220,8
1116,SEVILLA-ESCLUSA,2047,37.332,-5.995,,ESP,17/04/2013,220,10
1117,ALGECIRAS,490,36.117,-5.433,,ESP,20/11/2006,220,11
1118,ALGECIRAS B,2117,36.121,-5.437,,ESP,07/02/2017,220,12
1119,ALGECIRAS 2,2055,36.177,-5.398,,ESP,04/01/2017,220,15
1120,TARIFA,488,36.009,-5.603,,ESP,07/02/2017,220,21
1121,TARIFA 2,2054,36.006,-5.604,,ESP,04/01/2017,220,24
1122,MALAGA,496,36.713,-4.415,,ESP,27/04/2015,220,31
1123,MALAGA II,1810,36.712,-4.417,,ESP,04/01/2017,220,32
1124,MOTRIL 2,1940,36.72,-3.524,,ESP,04/01/2017,220,35
1125,ALMERIA,1455,36.833,-2.483,,ESP,11/11/1998,220,41
1126,ALMERIA 2,2056,36.83,-2.478,,ESP,04/01/2017,220,44
1127,CARTAGENA,1460,37.6,-0.967,,ESP,07/04/1989,220,46
1128,ALICANTE I,208,38.333,-0.483,,ESP,11/11/1998,220,51
1129,ALICANTE II,960,38.333,-0.483,,ESP,11/11/1998,220,52
1130,VALENCIA,1813,39.442,-0.311,,ESP,04/01/2017,220,56
1131,GANDIA,2058,38.995,-0.151,,ESP,04/01/2017,220,58
1132,SAGUNTO,2059,39.634,-0.206,,ESP,04/01/2017,220,60
1133,BARCELONA,1811,41.342,2.166,,ESP,04/01/2017,220,61
1134,TARRAGONA,2182,41.079,1.213,,ESP,10/01/2017,220,62
1135,L'ESTARTIT,1764,42.05,3.2,,ESP,17/05/2016,220,81
1136,PALMA,1087,39.55,2.62,,ESP,22/06/2011,225,1
1137,PALMA DE MALLORCA,1892,39.551,2.639,,ESP,07/02/2017,225,11
1138,PALMA DE MALLORCA 2,2061,39.56,2.637,,ESP,04/01/2017,225,12
1139,ALCUDIA,2063,39.835,3.139,,ESP,04/01/2017,225,14
1140,MAHON,2062,39.893,4.271,,ESP,04/01/2017,225,16
1141,IBIZA,1932,38.911,1.45,,ESP,04/01/2017,225,21
1142,FORMENTERA,2060,38.735,1.419,,ESP,04/01/2017,225,22
1143,CEUTA,498,35.892,-5.316,249.0,ESP,07/02/2017,340,1
1144,MELILLA,2057,35.291,-2.929,,ESP,04/01/2017,340,3
1145,ARRECIFE,593,28.972,-13.53,,ESP,07/02/2017,370,1
1146,ARRECIFE-D,1710,28.95,-13.567,,ESP,15/05/2002,370,4
1147,FUERTEVENTURA,2048,28.493,-13.858,,ESP,04/01/2017,370,6
1148,HIERRO,2051,27.784,-17.902,,ESP,04/01/2017,370,9
1149,ARRECIFE 2,2066,28.972,-13.53,,ESP,04/01/2017,370,10
1150,SANTA CRUZ DE LA PALMA,585,28.683,-17.75,,ESP,01/01/1980,370,11
1151,SANTA CRUZ DE LA PALMA B,568,28.672,-17.769,,ESP,07/02/2017,370,15
1152,LA PALMA,2064,28.678,-17.768,,ESP,04/01/2017,370,18
1153,LA GOMERA,2065,28.088,-17.108,,ESP,04/01/2017,370,20
1154,SANTA CRUZ DE TENERIFE I,303,28.483,-16.233,,ESP,17/11/1993,370,21
1155,TENERIFE,1803,28.483,-16.233,,ESP,04/01/2017,370,32
1156,GRANADILLA,2050,28.085,-16.49,,ESP,24/01/2013,370,34
1157,"LAS PALMAS, PUERTO DE LA LUZ",590,28.167,-15.417,251.0,ESP,25/11/1993,370,41
1158,LAS PALMAS C (PUERTO DE LA LUZ),565,28.147,-15.408,251.0,ESP,07/02/2017,370,45
1159,LAS PALMAS D,1802,28.141,-15.412,251.0,ESP,04/01/2017,370,46
1160,ARINAGA,2049,27.847,-15.401,,ESP,24/01/2013,370,48
1161,PORT SUDAN,1690,19.633,37.117,,SDN,27/02/1995,477,1
1162,BARENTSBURG,541,78.067,14.25,231.0,SJM,17/01/2017,25,1
1163,BARENTSBURG II (SPITSBERGEN),547,78.067,14.25,231.0,SJM,17/01/2003,25,2
1164,NY-ALESUND,1421,78.929,11.938,345.0,SJM,08/09/2016,25,21
1165,STROMSTAD,140,58.95,11.183,,SWE,06/11/1991,50,1
1166,KUNGSVIK,2113,58.997,11.127,,SWE,01/03/2017,50,9
1167,SMOGEN,179,58.354,11.218,,SWE,01/03/2017,50,11
1168,BACKEVIK,97,58.367,11.25,,SWE,01/01/1980,50,21
1169,STENUNGSUND,2112,58.093,11.833,,SWE,01/03/2017,50,24
1170,GOTEBORG-RINGON,2133,57.717,11.967,,SWE,01/11/2012,50,30
1171,GOTEBORG - KLIPPAN,74,57.683,11.9,,SWE,01/03/2012,50,31
1172,GOTEBORG - TORSHAMNEN,1236,57.685,11.791,233.0,SWE,01/03/2017,50,32
1173,RINGHALS,2111,57.25,12.113,,SWE,01/03/2017,50,35
1174,VARBERG,73,57.1,12.217,,SWE,01/01/1980,50,41
1175,KLAGSHAMN,330,55.522,12.894,,SWE,01/03/2017,50,51
1176,SKANOR,2108,55.417,12.829,,SWE,01/03/2017,50,56
1177,LIMHAMN,323,55.583,12.933,,SWE,01/01/1980,50,61
1178,BARSEBACK,2109,55.756,12.903,,SWE,01/03/2017,50,64
1179,VIKEN,2110,56.142,12.579,,SWE,01/03/2017,50,66
1180,YSTAD,72,55.417,13.817,,SWE,29/07/1988,50,71
1181,SIMRISHAMN,2107,55.558,14.358,,SWE,01/03/2017,50,74
1182,KUNGSHOLMSFORT,70,56.105,15.589,,SWE,01/03/2017,50,81
1183,OSKARSHAMN,2106,57.275,16.478,,SWE,01/03/2017,50,85
1184,OLANDS NORRA UDDE,69,57.366,17.097,,SWE,01/03/2017,50,91
1185,VISBY,2105,57.639,18.284,,SWE,01/03/2017,50,96
1186,NEDRE NYKOPING,170,58.75,17.017,,SWE,01/01/1980,50,111
1187,MARVIKEN,2104,58.554,16.837,,SWE,01/03/2017,50,115
1188,LANDSORT,68,58.742,17.865,,SWE,01/03/2012,50,121
1189,LANDSORT NORRA,2132,58.769,17.859,,SWE,01/03/2017,50,123
1190,NEDRE SODERTALJE,31,59.2,17.617,,SWE,06/11/1991,50,131
1191,STOCKHOLM,78,59.324,18.082,341.0,SWE,01/03/2017,50,141
1192,GRONSKAR,77,59.283,19.033,,SWE,06/11/1991,50,151
1193,FORSMARK,2103,60.409,18.211,,SWE,01/03/2017,50,155
1194,BJORN,90,60.633,17.967,,SWE,01/01/1980,50,161
1195,NEDRE GAVLE,99,60.683,17.167,,SWE,06/11/1991,50,171
1196,DRAGHALLAN,122,62.367,17.533,,SWE,01/01/1980,50,181
1197,SPIKARNA,1211,62.363,17.531,,SWE,01/03/2017,50,183
1198,SKAGSUDDE,2102,63.191,19.013,,SWE,01/03/2017,50,187
1199,RATAN,88,63.986,20.895,,SWE,01/03/2017,50,191
1200,FURUOGRUND,203,64.916,21.231,,SWE,01/03/2017,50,201
1201,KALIX,2101,65.697,23.096,,SWE,01/03/2017,50,205
1202,KEELUNG II,545,25.133,121.733,,TWN,28/04/1998,612,2
1203,KAOHSIUNG II,1356,22.533,120.317,,TWN,28/04/1998,612,12
1204,ZANZIBAR,1600,-6.15,39.183,297.0,TZA,03/11/2015,460,16
1205,KO TAPHAO NOI,446,7.833,98.433,42.0,THA,17/07/2017,545,1
1206,PANWA CAPE,2230,7.801,98.406,,THA,02/07/2015,545,2
1207,KO MATTAPHON,1792,10.45,99.25,,THA,17/07/2017,600,11
1208,KO LAK,174,11.8,99.817,39.0,THA,17/07/2017,600,21
1209,FORT PHRACHULA CHOMKLAO (POM PHRACHUN),444,13.55,100.583,,THA,17/07/2017,600,41
1210,KO SICHANG,449,13.15,100.817,,THA,28/05/2003,600,51
1211,NUKU'ALOFA B,1842,-21.137,-175.181,125.0,TON,25/01/2017,744,2
1212,PORT OF SPAIN,415,10.65,-61.517,203.0,TTO,15/11/1999,890,1
1213,TRABZON II,1927,41.0,39.733,,TUR,28/06/2010,310,13
1214,IGNEDA,1926,41.883,28.017,,TUR,09/07/2013,310,18
1215,AMASRA,1919,41.433,32.233,,TUR,24/06/2010,310,26
1216,MARMARA EREGLISI,2010,40.967,27.967,,TUR,28/06/2010,310,37
1217,ERDEK,1598,40.383,27.85,,TUR,09/07/2013,310,38
1218,MENTES/IZMIR,1679,38.433,26.717,,TUR,09/07/2013,310,42
1219,BODRUM II,1680,37.033,27.417,,TUR,09/07/2013,310,46
1220,ANTALYA II,1681,36.833,30.617,,TUR,09/07/2013,310,52
1221,ISKENDERUN II,2020,36.594,36.181,,TUR,28/06/2010,310,66
1222,ERDEMLI,2009,36.567,34.25,,TUR,28/06/2010,310,71
1223,FUNAFUTI,1452,-8.533,179.217,121.0,TUV,17/10/2002,732,11
1224,FUNAFUTI B,1839,-8.502,179.195,121.0,TUV,25/01/2017,732,12
1225,SEVASTOPOL,42,44.617,33.533,,UKR,03/02/1998,298,41
1226,LERWICK,830,60.154,-1.14,236.0,GBR,28/06/2017,170,1
1227,WICK,1109,58.441,-3.086,,GBR,28/06/2017,170,5
1228,INVERGORDON,944,57.683,-4.167,,GBR,01/01/1980,170,7
1229,BUCKIE,1281,57.667,-2.967,,GBR,07/04/1992,170,9
1230,ABERDEEN I,361,57.144,-2.077,,GBR,28/06/2017,170,11
1231,ABERDEEN II,21,57.15,-2.083,,GBR,01/01/1980,170,12
1232,ROSYTH,1074,56.017,-3.45,,GBR,29/03/1994,170,27
1233,LEITH,802,55.983,-3.167,,GBR,04/08/1989,170,31
1234,LEITH II,1526,55.99,-3.182,,GBR,28/06/2017,170,32
1235,DUNBAR,190,56.006,-2.517,,GBR,01/01/1980,170,41
1236,NORTH SHIELDS,95,55.007,-1.44,,GBR,28/06/2017,170,53
1237,WHITBY,1505,54.49,-0.615,,GBR,28/06/2017,170,56
1238,IMMINGHAM,286,53.63,-0.187,,GBR,06/05/2015,170,61
1239,CROMER,1632,52.934,1.302,,GBR,28/06/2017,170,66
1240,LOWESTOFT,754,52.473,1.75,,GBR,28/06/2017,170,68
1241,FELIXSTOWE,214,51.958,1.347,,GBR,14/05/2012,170,71
1242,HARWICH,742,51.948,1.292,,GBR,28/06/2017,170,73
1243,WALTON ON THE NAZE,1224,51.85,1.267,,GBR,20/02/1991,170,74
1244,SOUTHEND,334,51.514,0.724,,GBR,17/05/2016,170,81
1245,TILBURY,335,51.467,0.367,,GBR,20/02/1991,170,83
1246,TOWER PIER,336,51.5,0.083,,GBR,18/10/2016,170,92
1247,SHEERNESS,3,51.446,0.743,,GBR,31/05/2016,170,101
1248,HERNE BAY,2276,51.382,1.116,,GBR,08/03/2016,170,102
1249,DEAL,2277,51.224,1.409,,GBR,08/03/2016,170,108
1250,DOVER,255,51.114,1.323,,GBR,28/06/2017,170,111
1251,NEWHAVEN,1548,50.782,0.057,,GBR,28/06/2017,170,119
1252,PORTSMOUTH,350,50.802,-1.111,,GBR,28/06/2017,170,131
1253,ARUN PLATFORM,2280,50.77,-0.492,,GBR,08/03/2016,170,132
1254,SANDOWN PIER,2278,50.651,-1.153,,GBR,08/03/2016,170,134
1255,LYMINGTON,2281,50.74,-1.507,,GBR,28/09/2016,170,136
1256,SWANAGE PIER,2279,50.609,-1.949,,GBR,08/03/2016,170,138
1257,BOURNEMOUTH,1878,50.714,-1.875,,GBR,02/07/2014,170,146
1258,WEYMOUTH,1773,50.609,-2.448,,GBR,28/06/2017,170,150
1259,WEST BAY HARBOUR,2282,50.709,-2.764,,GBR,28/09/2016,170,152
1260,TEIGNMOUTH PIER,2283,50.544,-3.492,,GBR,08/03/2016,170,154
1261,DEVONPORT,982,50.368,-4.185,,GBR,28/06/2017,170,157
1262,NEWLYN,202,50.103,-5.543,241.0,GBR,28/06/2017,170,161
1263,PORT ISAAC,2284,50.594,-4.834,,GBR,08/03/2016,170,162
1264,ST. MARYS,1855,49.918,-6.317,,GBR,31/05/2016,170,163
1265,ILFRACOMBE,1214,51.211,-4.112,,GBR,31/05/2016,170,166
1266,HINKLEY POINT,1758,51.211,-3.131,,GBR,28/06/2017,170,168
1267,PORTBURY,2011,51.5,-2.728,,GBR,28/06/2017,170,170
1268,AVONMOUTH,257,51.508,-2.713,,GBR,27/01/2016,170,171
1269,SEVERN BRIDGE,2285,51.57,-2.7,,GBR,08/03/2016,170,172
1270,NEWPORT,1832,51.55,-2.987,,GBR,28/06/2017,170,173
1271,SWANSEA,967,51.617,-3.917,,GBR,25/10/1989,170,178
1272,MUMBLES,1732,51.57,-3.975,,GBR,06/05/2015,170,179
1273,MILFORD HAVEN (NEWTON NOYES),66,51.7,-5.017,,GBR,20/02/1987,170,181
1274,MILFORD HAVEN (HAKIN),1700,51.707,-5.052,,GBR,28/06/2017,170,182
1275,FISHGUARD,939,52.013,-4.984,,GBR,18/03/1991,170,183
1276,FISHGUARD II,1731,52.013,-4.984,,GBR,28/06/2017,170,184
1277,BARMOUTH,1771,52.719,-4.045,,GBR,31/05/2016,170,187
1278,HOLYHEAD,5,53.314,-4.62,,GBR,28/06/2017,170,191
1279,LLANDUDNO,1854,53.332,-3.825,,GBR,28/06/2017,170,196
1280,BIRKENHEAD (ALFRED DOCK),765,53.4,-3.017,,GBR,25/06/1992,170,201
1281,LIVERPOOL GEORGES AND PRINCES PIERS,15,53.4,-3.0,,GBR,27/01/2016,170,211
1282,LIVERPOOL (GLADSTONE DOCK),1774,53.45,-3.018,,GBR,28/06/2017,170,214
1283,HEYSHAM,936,54.032,-2.92,,GBR,31/05/2016,170,225
1284,WORKINGTON,1794,54.651,-3.567,,GBR,28/06/2017,170,228
1285,PORTPATRICK,1215,54.843,-5.12,,GBR,02/07/2012,170,236
1286,MILLPORT,755,55.75,-4.906,,GBR,28/06/2017,170,241
1287,ISLAY (PORT ELLEN),1772,55.628,-6.19,,GBR,14/05/2012,170,244
1288,TOBERMORY,1491,56.623,-6.064,,GBR,28/06/2017,170,246
1289,ULLAPOOL,1112,57.895,-5.158,,GBR,28/06/2017,170,249
1290,STORNOWAY,314,58.208,-6.389,238.0,GBR,28/06/2017,170,251
1291,KINLOCHBERVIE,1775,58.457,-5.05,,GBR,28/06/2017,170,255
1292,PORTRUSH,1867,55.207,-6.657,,GBR,28/06/2017,170,261
1293,BELFAST,861,54.6,-5.917,,GBR,01/01/1980,170,271
1294,BELFAST 2,219,54.6,-5.917,,GBR,31/05/1989,170,272
1295,BANGOR,1856,54.665,-5.669,,GBR,28/06/2017,170,281
1296,FRENCH FRIGATE SHOALS,1372,23.867,-166.283,107.0,USA,14/10/2013,760,16
1297,FRENCH FRIGATE SHOALS B,2192,23.868,-166.288,107.0,USA,23/06/2014,760,17
1298,"PORT ALLEN, HANAPEPE BAY, KAUAI ISLAND",2129,21.903,-159.592,,USA,24/01/2012,760,19
1299,"NAWILIWILI BAY, KAUAI ISLAND",756,21.953,-159.355,,USA,02/02/2017,760,21
1300,HONOLULU,155,21.307,-157.867,108.0,USA,02/02/2017,760,31
1301,MOKUOLOE ISLAND,823,21.432,-157.79,,USA,02/02/2017,760,41
1302,"LANAI ISLAND, KAUMALAPAU",2273,20.78,-156.9,,USA,05/01/2016,760,43
1303,"KAHULUI HARBOR, MAUI ISLAND",521,20.895,-156.477,,USA,02/02/2017,760,51
1304,"KAWAIHAE, HAWAII ISLAND",2128,20.037,-155.83,,USA,02/02/2017,760,56
1305,"HILO, HAWAII ISLAND",300,19.73,-155.055,287.0,USA,02/02/2017,760,61
1306,MASSACRE BAY,491,52.833,173.2,,USA,01/01/1980,820,1
1307,ADAK SWEEPER COVE,487,51.863,-176.632,302.0,USA,02/02/2017,820,11
1308,"ATKA, NAZAN BAY",2303,52.232,-174.173,,USA,02/02/2017,820,12
1309,DUTCH HARBOR,390,53.9,-166.533,102.0,USA,01/01/1980,820,20
1310,UNALASKA,757,53.88,-166.537,102.0,USA,02/02/2017,820,21
1311,"PRUDHOE BAY, ALASKA",1857,70.4,-148.527,151.0,USA,02/02/2017,821,2
1312,"NOME, ALASKA",1800,64.5,-165.43,74.0,USA,02/02/2017,821,3
1313,"KING COVE, DEER PASSAGE",2302,55.062,-162.327,,USA,02/02/2017,821,5
1314,"SAND POINT, POPOF IS., AK",1634,55.337,-160.502,100.0,USA,02/02/2017,821,6
1315,"VILLAGE COVE, ST. PAUL ISLAND",2304,57.125,-170.285,,USA,02/02/2017,821,7
1316,"ST. PAUL'S HARBOR, KODIAK",1179,57.745,-152.482,,USA,06/07/1990,821,9
1317,"ALITAK, LAZY BAY",2301,56.898,-154.247,,USA,02/02/2017,821,10
1318,"KODIAK ISLAND, WOMENS BAY",567,57.732,-152.512,,USA,02/02/2017,821,11
1319,ANCHORAGE,1067,61.238,-149.89,,USA,02/02/2017,821,12
1320,"NIKISKI, ALASKA",1350,60.683,-151.397,,USA,02/02/2017,821,13
1321,SELDOVIA,1070,59.44,-151.72,,USA,07/02/2017,821,15
1322,SEWARD,266,60.12,-149.427,150.0,USA,02/02/2017,821,17
1323,VALDEZ,1353,61.125,-146.362,,USA,02/02/2017,821,19
1324,CORDOVA,566,60.558,-145.752,,USA,02/02/2017,821,20
1325,"ELFIN COVE, PORT ALTHORP",2300,58.195,-136.347,,USA,02/02/2017,821,22
1326,YAKUTAT,445,59.548,-139.733,,USA,02/02/2017,821,26
1327,SITKA,426,57.052,-135.342,154.0,USA,02/02/2017,821,31
1328,PORT ALEXANDER,2299,56.247,-134.647,,USA,02/02/2017,821,33
1329,SKAGWAY,495,59.45,-135.327,,USA,02/02/2017,821,41
1330,JUNEAU,405,58.298,-134.412,,USA,02/02/2017,821,44
1331,KETCHIKAN,225,55.332,-131.625,,USA,02/02/2017,821,51
1332,NEAH BAY,385,48.367,-124.612,,USA,02/02/2017,823,1
1333,LA PUSH,2298,47.913,-124.637,,USA,02/02/2017,823,2
1334,"PORT ANGELES, WASHINGTON",2127,48.125,-123.44,,USA,02/02/2017,823,3
1335,CHERRY POINT,1633,48.863,-122.757,,USA,02/02/2017,823,5
1336,FRIDAY HARBOR (OCEAN. LABS.),384,48.547,-123.01,,USA,02/02/2017,823,6
1337,"TOKE POINT, WILLIPA BAY, WA",1354,46.707,-123.967,,USA,02/02/2017,823,9
1338,SEATTLE,127,47.602,-122.338,,USA,02/02/2017,823,11
1339,PORT TOWNSEND,1325,48.112,-122.757,,USA,02/02/2017,823,12
1340,ASTORIA (TONGUE POINT),265,46.207,-123.768,,USA,02/02/2017,823,13
1341,GARIBALDI,1285,45.553,-123.918,,USA,22/05/1987,823,14
1342,DEPOE BAY,1541,44.81,-124.057,,USA,27/11/1987,823,15
1343,SOUTH BEACH,1196,44.625,-124.042,157.0,USA,07/02/2017,823,16
1344,GARIBALDI II,2214,45.555,-123.918,,USA,02/02/2017,823,17
1345,CHARLESTON II,1269,43.345,-124.322,,USA,02/02/2017,823,19
1346,PORT ORFORD,1640,42.738,-124.498,,USA,02/02/2017,823,20
1347,CRESCENT CITY,378,41.745,-124.182,,USA,02/02/2017,823,21
1348,"N. SPIT, HUMBOLDT BAY",1639,40.767,-124.217,,USA,02/02/2017,823,24
1349,"ARENA COVE, CALIFORNIA",2125,38.913,-123.707,,USA,02/02/2017,823,26
1350,POINT REYES,1394,37.995,-122.977,,USA,02/02/2017,823,30
1351,SAN FRANCISCO,10,37.807,-122.465,158.0,USA,02/02/2017,823,31
1352,ALAMEDA (NAVAL AIR STATION),437,37.772,-122.298,,USA,02/02/2017,823,32
1353,"PORT CHICAGO, CALIFORNIA",2330,38.055,-122.04,,USA,16/02/2017,823,33
1354,SAN MATEO,1663,37.583,-122.25,,USA,21/06/1990,823,34
1355,"REDWOOD CITY, CALIFORNIA",2329,37.507,-122.212,,USA,16/02/2017,823,35
1356,MONTEREY,1352,36.605,-121.887,,USA,02/02/2017,823,36
1357,PORT SAN LUIS,508,35.177,-120.76,,USA,02/02/2017,823,42
1358,RINCON ISLAND,1013,34.348,-119.442,,USA,16/07/1993,823,44
1359,"SANTA BARBARA, CALIFORNIA",2126,34.408,-119.685,,USA,02/02/2017,823,48
1360,SANTA MONICA (MUNICIPAL PIER),377,34.008,-118.5,,USA,02/02/2017,823,49
1361,LOS ANGELES,245,33.72,-118.272,,USA,02/02/2017,823,51
1362,ALAMITOS BAY ENTRANCE,717,33.75,-118.117,,USA,01/01/1980,823,56
1363,NEWPORT BAY,766,33.603,-117.882,,USA,16/07/1993,823,57
1364,SAN CLEMENTE ISLAND,883,33.0,-118.55,,USA,01/01/1980,823,61
1365,LA JOLLA (SCRIPPS PIER),256,32.867,-117.257,159.0,USA,02/02/2017,823,71
1366,SAN DIEGO (QUARANTINE STATION),158,32.713,-117.173,,USA,02/02/2017,823,81
1367,PORT ISABEL,497,26.06,-97.215,,USA,02/02/2017,940,1
1368,PORT MANSFIELD,1038,26.553,-97.422,,USA,02/02/2017,940,2
1369,PADRE ISLAND,919,26.068,-97.152,,USA,16/07/1993,940,3
1370,"PORT ARANSAS, H. CALDWELL PIER",922,27.827,-97.05,,USA,03/06/1987,940,4
1371,ROCKPORT,538,28.022,-97.047,,USA,02/02/2017,940,5
1372,FREEPORT,725,28.948,-95.308,,USA,27/05/2009,940,6
1373,"GALVESTON I, PLEASURE PIER, TX",828,29.285,-94.788,217.0,USA,07/03/2012,940,7
1374,"GALVESTON II, PIER 21, TX",161,29.31,-94.793,217.0,USA,02/02/2017,940,8
1375,SABINE PASS,920,29.705,-93.853,,USA,04/11/1988,940,9
1376,SABINE PASS NORTH,1835,29.728,-93.87,,USA,02/02/2017,940,10
1377,EUGENE ISLAND,440,29.372,-91.385,,USA,26/10/1990,940,11
1378,"USCG FREEPORT, TEXAS",2297,28.943,-95.302,,USA,02/02/2017,940,12
1379,"CORPUS CHRISTI, GULF MEXICO, TX",1903,27.583,-97.217,,USA,02/02/2017,940,15
1380,GRAND ISLE,526,29.263,-89.957,,USA,02/02/2017,940,21
1381,"NEW CANAL STATION, LOUISIANA",2328,30.027,-90.113,,USA,16/02/2017,940,28
1382,"SHELL BEACH, LOUISIANA",2296,29.868,-89.673,,USA,02/02/2017,940,30
1383,"WAVELAND, GULF OF MEX., MS",1884,30.282,-89.367,,USA,19/08/2013,940,32
1384,BAY WAVELAND YACHT CLUB,1715,30.325,-89.325,,USA,01/10/1996,940,36
1385,DAUPHIN ISLAND,1156,30.25,-88.075,,USA,02/02/2017,940,37
1386,BAY WAVELAND YACHT CLUB II,2215,30.327,-89.325,,USA,02/02/2017,940,38
1387,"MOBILE STATE DOCKS, ALABAMA",2327,30.705,-88.04,,USA,16/02/2017,940,39
1388,PENSACOLA,246,30.403,-87.21,288.0,USA,02/02/2017,940,41
1389,"PANAMA CITY, ST.ANDREWS BAY, FL",1641,30.152,-85.667,,USA,02/02/2017,940,42
1390,APALACHICOLA,1193,29.727,-84.982,,USA,02/02/2017,940,43
1391,TURKEY POINT,1714,29.915,-84.512,,USA,01/10/1996,940,45
1392,ST. MARKS,1136,30.067,-84.183,,USA,01/01/1980,940,47
1393,"SHELL POINT, WALKER CREEK",1670,30.06,-84.29,,USA,05/07/1990,940,49
1394,CEDAR KEY I,199,29.133,-83.033,,USA,01/01/1980,940,51
1395,CEDAR KEY II,428,29.135,-83.032,,USA,02/02/2017,940,52
1396,CLEARWATER BEACH,1638,27.978,-82.832,,USA,02/02/2017,940,60
1397,ST. PETERSBURG,520,27.76,-82.627,,USA,02/02/2017,940,61
1398,FORT MYERS,1106,26.647,-81.87,,USA,02/02/2017,940,65
1399,NAPLES,1107,26.132,-81.807,,USA,02/02/2017,940,66
1400,KEY WEST,188,24.555,-81.807,216.0,USA,02/02/2017,940,71
1401,VACA KEY,1701,24.712,-81.105,,USA,02/02/2017,940,89
1402,MARATHON SHORES,1187,24.733,-81.033,,USA,01/01/1980,940,91
1403,KEY COLONY BEACH,1424,24.718,-81.017,,USA,06/03/2000,940,92
1404,MIAMI BEACH,363,25.768,-80.132,,USA,05/10/1987,960,1
1405,HAULOVER PIER,1717,25.903,-80.12,,USA,24/11/1994,960,2
1406,LAKE WORTH PIER,1696,26.612,-80.033,,USA,07/02/2017,960,4
1407,PALM BEACH,1669,26.7,-80.05,,USA,05/07/1990,960,5
1408,DAYTONA BEACH,270,29.233,-81.0,,USA,01/01/1980,960,6
1409,DAYTONA BEACH SHORES,1182,29.147,-80.963,,USA,05/10/1987,960,7
1410,"VIRGINIA KEY, FL",1858,25.73,-80.162,332.0,USA,02/02/2017,960,8
1411,"MAYPORT (BAR PILOTS DOCK), FLORIDA",2326,30.398,-81.428,,USA,16/02/2017,960,10
1412,MAYPORT,316,30.393,-81.432,,USA,01/06/2001,960,11
1413,JACKSONVILLE,716,30.35,-81.617,,USA,01/01/1980,960,12
1414,"TRIDENT PIER, PORT CANAVERAL",2123,28.415,-80.592,,USA,02/02/2017,960,15
1415,FERNANDINA BEACH,112,30.672,-81.465,,USA,02/02/2017,960,21
1416,FORT PULASKI,395,32.033,-80.902,289.0,USA,02/02/2017,960,31
1417,BEAUFORT,1537,32.433,-80.667,,USA,04/11/1988,960,36
1418,CHARLESTON I,234,32.782,-79.925,,USA,02/02/2017,960,41
1419,GENERAL DYNAMICS PIER,1721,33.017,-79.917,,USA,16/07/1993,960,42
1420,"SOUTH ISLAND PLANTATION, WINYAH BAY",1651,33.235,-79.203,,USA,01/10/1996,960,44
1421,"BUCKSPORT, WACCAMAW R.",1720,33.647,-79.095,,USA,16/07/1993,960,48
1422,SPRINGMAID PIER,1444,33.655,-78.918,,USA,02/02/2017,960,50
1423,MYRTLE BEACH,862,33.683,-78.885,,USA,01/01/1980,960,51
1424,SOUTHPORT,1431,33.915,-78.018,,USA,22/06/1990,960,56
1425,"CAPE HATTERAS, NORTH CAROLINA",2294,35.223,-75.635,,USA,26/04/2016,960,59
1426,WILMINGTON,396,34.227,-77.953,,USA,02/02/2017,960,60
1427,"BEAUFORT, NORTH CAROLINA",2295,34.72,-76.67,,USA,02/02/2017,960,61
1428,MOREHEAD CITY,719,34.717,-76.733,,USA,01/01/1980,960,62
1429,DUCK PIER OUTSIDE,1636,36.183,-75.747,219.0,USA,02/02/2017,960,63
1430,VIRGINIA BEACH,945,36.85,-75.967,,USA,01/01/1980,960,64
1431,PORTSMOUTH (NORFOLK NAVY YARD),399,36.822,-76.293,,USA,26/06/1990,960,65
1432,"OREGON INLET MARINA, NORTH CAROLINA",2325,35.795,-75.548,,USA,16/02/2017,960,66
1433,RICHMOND,462,37.567,-77.45,,USA,01/01/1980,960,68
1434,CHESAPEAKE BAY BR. TUN.,1635,36.967,-76.113,,USA,02/02/2017,960,70
1435,"SEWELLS POINT, HAMPTON ROADS",299,36.947,-76.33,,USA,02/02/2017,960,71
1436,GLOUCESTER POINT,597,37.247,-76.5,,USA,26/01/2005,960,72
1437,CAMBRIDGE II,1295,38.573,-76.068,,USA,02/02/2017,960,73
1438,CAMBRIDGE,481,38.575,-76.072,,USA,01/01/1980,960,74
1439,"LEWISETTA, VIRGINIA",2324,37.995,-76.465,,USA,16/02/2017,960,75
1440,WASHINGTON DC,360,38.873,-77.022,,USA,02/02/2017,960,76
1441,"PINEY POINT, MARYLAND",971,38.133,-76.533,,USA,01/01/1980,960,77
1442,SOLOMON'S ISLAND (BIOL. LAB.),412,38.317,-76.452,,USA,02/02/2017,960,78
1443,GINGERVILLE CREEK,1203,38.958,-76.555,,USA,01/01/1980,960,79
1444,ANNAPOLIS (NAVAL ACADEMY),311,38.983,-76.48,,USA,02/02/2017,960,80
1445,BALTIMORE,148,39.267,-76.578,,USA,02/02/2017,960,81
1446,MATAPEAKE,1338,38.957,-76.355,,USA,02/10/1987,960,82
1447,KIPTOPEKE BEACH,636,37.165,-75.988,,USA,02/02/2017,960,83
1448,INDIAN RIVER INLET,1337,38.61,-75.07,,USA,02/10/1987,960,84
1449,LEWES (BREAKWATER HARBOR),224,38.782,-75.12,,USA,02/02/2017,960,85
1450,OCEAN CITY INLET,2292,38.328,-75.092,,USA,02/02/2017,960,86
1451,PHILADELPHIA (PIER 9N),135,39.933,-75.142,,USA,02/02/2017,960,87
1452,TRENTON,1654,40.188,-74.755,,USA,16/07/1993,960,88
1453,REEDY POINT,786,39.558,-75.573,,USA,02/02/2017,960,89
1454,CAPE MAY,1153,38.968,-74.96,,USA,02/02/2017,960,90
1455,ATLANTIC CITY,180,39.355,-74.418,220.0,USA,02/02/2017,960,91
1456,WACHAPREAGUE,2293,37.607,-75.687,,USA,02/02/2017,960,92
1457,"TOLCHESTER BEACH, MARYLAND",2323,39.213,-76.245,,USA,16/02/2017,960,93
1458,SANDY HOOK,366,40.467,-74.008,,USA,02/02/2017,960,101
1459,NEW YORK (THE BATTERY),12,40.7,-74.013,,USA,02/02/2017,960,121
1460,"BERGEN POINT, STATEN IS.",1637,40.637,-74.142,,USA,02/02/2017,960,132
1461,MONTAUK,519,41.048,-71.96,,USA,02/02/2017,960,135
1462,PLUM ISLAND,875,41.167,-72.2,,USA,01/01/1980,960,136
1463,PORT JEFFERSON,848,40.95,-73.077,,USA,16/07/1993,960,138
1464,"KINGS POINT, NEW YORK",2322,40.81,-73.765,,USA,16/02/2017,960,140
1465,WILLETS POINT,362,40.793,-73.782,,USA,01/06/2001,960,141
1466,NEW ROCHELLE,856,40.893,-73.782,,USA,05/06/1987,960,143
1467,BRIDGEPORT,1068,41.173,-73.182,,USA,02/02/2017,960,147
1468,NEW LONDON,429,41.36,-72.09,,USA,02/02/2017,960,151
1469,PROVIDENCE (STATE PIER),430,41.807,-71.4,,USA,02/02/2017,960,158
1470,NEWPORT,351,41.505,-71.327,290.0,USA,02/02/2017,960,161
1471,BUZZARDS BAY,776,41.742,-70.617,,USA,01/01/1980,960,163
1472,WOODS HOLE (OCEAN. INST.),367,41.523,-70.672,,USA,02/02/2017,960,165
1473,NANTUCKET ISLAND,1111,41.285,-70.097,,USA,02/02/2017,960,166
1474,"SANDWICH MARINA, CAPE COD CANAL ENTRANCE",775,41.767,-70.5,,USA,01/01/1980,960,168
1475,BOSTON,235,42.353,-71.053,,USA,02/02/2017,960,171
1476,SEAVEY ISLAND,288,43.08,-70.742,,USA,26/10/1990,960,177
1477,"FORT POINT, NEWCASTLE ISLAND",2291,43.072,-70.712,,USA,02/02/2017,960,178
1478,"FORT POINT, NEW HAMPSHIRE",2321,43.072,-70.71,,USA,15/02/2017,960,179
1479,PORTLAND (MAINE),183,43.657,-70.247,,USA,02/02/2017,960,181
1480,ROCKLAND,1279,44.105,-69.102,,USA,22/06/1990,960,186
1481,"BAR HARBOR, FRENCHMAN BAY, ME",525,44.392,-68.205,,USA,02/02/2017,960,191
1482,CUTLER II,1524,44.642,-67.297,,USA,23/06/2011,960,196
1483,CUTLER,1081,44.65,-67.217,,USA,01/01/1980,960,197
1484,EASTPORT,332,44.903,-66.982,,USA,02/02/2017,960,201
1485,MIDWAY ISLAND,523,28.212,-177.36,106.0,UMI,02/02/2017,760,1
1486,JOHNSTON ISLAND,598,16.738,-169.53,109.0,UMI,26/01/2005,760,11
1487,COLONIA,433,-34.483,-57.85,,URY,23/05/1996,870,1
1488,MONTEVIDEO (PUNTA LOBOS),431,-34.9,-56.25,300.0,URY,02/05/2017,870,11
1489,PUNTA DEL ESTE,434,-34.967,-54.95,,URY,23/05/1996,870,21
1490,LA PALOMA,764,-34.65,-54.15,,URY,03/05/2017,870,31
1491,PORT VILA B,1841,-17.755,168.308,348.0,VUT,25/01/2017,741,2
1492,PUERTO DE HIERRO,782,10.617,-62.083,,VEN,01/01/1980,900,1
1493,GUIRIA,1053,10.567,-62.283,,VEN,20/04/2001,900,6
1494,VUNGTAU,1495,10.333,107.067,,VNM,17/11/2015,605,21
1495,VUNG TAU II,2268,10.34,107.072,,VNM,04/11/2015,605,22
1496,QUINHON,1449,13.767,109.25,75.0,VNM,17/11/2015,605,41
1497,QUI NHON II,2267,13.775,109.255,75.0,VNM,04/11/2015,605,42
1498,DANANG,1475,16.1,108.217,,VNM,17/11/2015,605,51
1499,HONNGU,1003,18.8,105.767,,VNM,17/11/2015,605,61
1500,HONDAU,841,20.667,106.8,,VNM,17/11/2015,605,81
1501,CHARLOTTE AMALIE,1393,18.335,-64.92,,VIR,02/02/2017,939,1
1502,"LIME TREE BAY, ST CROIX",1447,17.693,-64.753,,VIR,02/02/2017,939,11
1503,CHRISTIANSTED HARBOUR,2118,17.75,-64.705,,VIR,02/02/2017,939,15
1504,LAMESHUR BAY,2119,18.317,-64.723,,VIR,02/02/2017,939,21
1505,ADEN,44,12.788,44.974,3.0,YEM,01/02/2016,485,1
